This is XeTeX, Version 3.141592653-2.6-0.999993 (TeX Live 2021) (preloaded format=xelatex 2021.8.9)  26 FEB 2026 21:44
entering extended mode
 restricted \write18 enabled.
 %&-line parsing enabled.
**\makeatletter\def\HCode{\futurelet\HCode\HChar}\def\HChar{\ifx"\HCode\def\HCo
de"##1"{\Link##1}\expandafter\HCode\else\expandafter\Link\fi}\def\Link#1.a.b.c.
{\g@addto@macro\@documentclasshook{\RequirePackage[#1,html]{tex4ht}}\let\HCode\
documentstyle\def\documentstyle{\let\documentstyle\HCode\expandafter\def\csname
 tex4ht\endcsname{#1,html}\def\HCode####1{\documentstyle[tex4ht,}\@ifnextchar[{
\HCode}{\documentstyle[tex4ht]}}}\makeatother\HCode xhtml,,charset=utf-8,html5.
a.b.c.\input "\detokenize{AppliedEconometrics.tex}"
(./AppliedEconometrics.tex (./elegantbook.cls
Document Class: elegantbook 2021/05/02 v4.1 ElegantBook document class
(/usr/local/texlive/2021/texmf-dist/tex/latex/kvoptions/kvoptions.sty
Package: kvoptions 2020-10-07 v3.14 Key value format for package options (HO)
(/usr/local/texlive/2021/texmf-dist/tex/latex/graphics/keyval.sty
Package: keyval 2014/10/28 v1.15 key=value parser (DPC)
\KV@toks@=\toks16
) (/usr/local/texlive/2021/texmf-dist/tex/generic/ltxcmds/ltxcmds.sty
Package: ltxcmds 2020-05-10 v1.25 LaTeX kernel commands for general use (HO)
) (/usr/local/texlive/2021/texmf-dist/tex/generic/kvsetkeys/kvsetkeys.sty
Package: kvsetkeys 2019/12/15 v1.18 Key value parser (HO)
)) (/usr/local/texlive/2021/texmf-dist/tex/latex/etoolbox/etoolbox.sty
Package: etoolbox 2020/10/05 v2.5k e-TeX tools for LaTeX (JAW)
\etb@tempcnta=\count178
) (/usr/local/texlive/2021/texmf-dist/tex/latex/base/book.cls
Document Class: book 2021/02/12 v1.4n Standard LaTeX document class
(/usr/local/texlive/2021/texmf-dist/tex/latex/base/bk12.clo
File: bk12.clo 2021/02/12 v1.4n Standard LaTeX file (size option)
)
\c@part=\count179
\c@chapter=\count180
\c@section=\count181
\c@subsection=\count182
\c@subsubsection=\count183
\c@paragraph=\count184
\c@subparagraph=\count185
\c@figure=\count186
\c@table=\count187
\abovecaptionskip=\skip47
\belowcaptionskip=\skip48
\bibindent=\dimen138
) (/usr/local/texlive/2021/texmf-dist/tex/latex/setspace/setspace.sty
Package: setspace 2011/12/19 v6.7a set line spacing
) (/usr/local/texlive/2021/texmf-dist/tex/latex/csquotes/csquotes.sty
Package: csquotes 2021-02-22 v5.2l context-sensitive quotations (JAW)
\csq@reset=\count188
\csq@gtype=\count189
\csq@glevel=\count190
\csq@qlevel=\count191
\csq@maxlvl=\count192
\csq@tshold=\count193
\csq@ltx@everypar=\toks17
(/usr/local/texlive/2021/texmf-dist/tex/latex/csquotes/csquotes.def
File: csquotes.def 2021-02-22 v5.2l csquotes generic definitions (JAW)
)
Package csquotes Info: Trying to load configuration file 'csquotes.cfg'...
Package csquotes Info: ... configuration file loaded successfully.
(/usr/local/texlive/2021/texmf-dist/tex/latex/csquotes/csquotes.cfg
File: csquotes.cfg 
)) (/usr/local/texlive/2021/texmf-dist/tex/latex/hyperref/hyperref.sty
Package: hyperref 2021-06-07 v7.00m Hypertext links for LaTeX
(/usr/local/texlive/2021/texmf-dist/tex/generic/iftex/iftex.sty
Package: iftex 2020/03/06 v1.0d TeX engine tests
) (/usr/local/texlive/2021/texmf-dist/tex/generic/pdftexcmds/pdftexcmds.sty
Package: pdftexcmds 2020-06-27 v0.33 Utility functions of pdfTeX for LuaTeX (HO
)
(/usr/local/texlive/2021/texmf-dist/tex/generic/infwarerr/infwarerr.sty
Package: infwarerr 2019/12/03 v1.5 Providing info/warning/error messages (HO)
)
Package pdftexcmds Info: \pdf@primitive is available.
Package pdftexcmds Info: \pdf@ifprimitive is available.
Package pdftexcmds Info: \pdfdraftmode not found.
) (/usr/local/texlive/2021/texmf-dist/tex/generic/kvdefinekeys/kvdefinekeys.sty
Package: kvdefinekeys 2019-12-19 v1.6 Define keys (HO)
) (/usr/local/texlive/2021/texmf-dist/tex/generic/pdfescape/pdfescape.sty
Package: pdfescape 2019/12/09 v1.15 Implements pdfTeX's escape features (HO)
) (/usr/local/texlive/2021/texmf-dist/tex/latex/hycolor/hycolor.sty
Package: hycolor 2020-01-27 v1.10 Color options for hyperref/bookmark (HO)
) (/usr/local/texlive/2021/texmf-dist/tex/latex/letltxmacro/letltxmacro.sty
Package: letltxmacro 2019/12/03 v1.6 Let assignment for LaTeX macros (HO)
) (/usr/local/texlive/2021/texmf-dist/tex/latex/auxhook/auxhook.sty
Package: auxhook 2019-12-17 v1.6 Hooks for auxiliary files (HO)
)
\@linkdim=\dimen139
\Hy@linkcounter=\count194
\Hy@pagecounter=\count195
(/usr/local/texlive/2021/texmf-dist/tex/latex/hyperref/pd1enc.def
File: pd1enc.def 2021-06-07 v7.00m Hyperref: PDFDocEncoding definition (HO)
)
(/usr/local/texlive/2021/texmf-dist/tex/latex/hyperref/hyperref-langpatches.def
File: hyperref-langpatches.def 2021-06-07 v7.00m Hyperref: patches for babel la
nguages
) (/usr/local/texlive/2021/texmf-dist/tex/generic/intcalc/intcalc.sty
Package: intcalc 2019/12/15 v1.3 Expandable calculations with integers (HO)
) (/usr/local/texlive/2021/texmf-dist/tex/generic/etexcmds/etexcmds.sty
Package: etexcmds 2019/12/15 v1.7 Avoid name clashes with e-TeX commands (HO)
)
\Hy@SavedSpaceFactor=\count196
(/usr/local/texlive/2021/texmf-dist/tex/latex/hyperref/puenc.def
File: puenc.def 2021-06-07 v7.00m Hyperref: PDF Unicode definition (HO)
)
Package hyperref Info: Option `colorlinks' set `true' on input line 4073.
Package hyperref Info: Hyper figures OFF on input line 4192.
Package hyperref Info: Link nesting OFF on input line 4197.
Package hyperref Info: Hyper index ON on input line 4200.
Package hyperref Info: Plain pages OFF on input line 4207.
Package hyperref Info: Backreferencing OFF on input line 4212.
Package hyperref Info: Implicit mode ON; LaTeX internals redefined.
Package hyperref Info: Bookmarks ON on input line 4445.
\c@Hy@tempcnt=\count197
(/usr/local/texlive/2021/texmf-dist/tex/latex/url/url.sty
\Urlmuskip=\muskip16
Package: url 2013/09/16  ver 3.4  Verb mode for urls, etc.
)
LaTeX Info: Redefining \url on input line 4804.
\XeTeXLinkMargin=\dimen140
(/usr/local/texlive/2021/texmf-dist/tex/generic/bitset/bitset.sty
Package: bitset 2019/12/09 v1.3 Handle bit-vector datatype (HO)
(/usr/local/texlive/2021/texmf-dist/tex/generic/bigintcalc/bigintcalc.sty
Package: bigintcalc 2019/12/15 v1.5 Expandable calculations on big integers (HO
)
))
\Fld@menulength=\count198
\Field@Width=\dimen141
\Fld@charsize=\dimen142
\Field@toks=\toks18
Package hyperref Info: Hyper figures OFF on input line 6076.
Package hyperref Info: Link nesting OFF on input line 6081.
Package hyperref Info: Hyper index ON on input line 6084.
Package hyperref Info: backreferencing OFF on input line 6091.
Package hyperref Info: Link coloring ON on input line 6094.
Package hyperref Info: Link coloring with OCG OFF on input line 6101.
Package hyperref Info: PDF/A mode OFF on input line 6106.
LaTeX Info: Redefining \ref on input line 6146.
LaTeX Info: Redefining \pageref on input line 6150.
(/usr/local/texlive/2021/texmf-dist/tex/latex/base/atbegshi-ltx.sty
Package: atbegshi-ltx 2021/01/10 v1.0c Emulation of the original atbegshi
package with kernel methods
)
\Hy@abspage=\count199

Package hyperref Message: Stopped early.

)
Package hyperref Info: Driver: htex4ht.
(/usr/local/texlive/2021/texmf-dist/tex/latex/hyperref/htex4ht.def
File: htex4ht.def 2021-06-07 v7.00m Hyperref driver for TeX4ht
(/usr/local/texlive/2021/texmf-dist/tex/generic/tex4ht/tex4ht.sty
version 2021-03-06-13:30
Package: tex4ht 
--------------------------------------
--- Note --- for _ at preamble, use the command line option `early_'
--------------------------------------
--------------------------------------
--- Note --- for ^ at preamble, use the command line option `early^'
--------------------------------------
(/usr/local/texlive/2021/texmf-dist/tex/generic/tex4ht/tuenc-xetex-input.4ht
version 2021-05-02-10:08
(/usr/local/texlive/2021/texmf-dist/tex/generic/kastrup/binhex.tex)
\xeuniblock=\count266
)
\tmp:toks=\toks19
))
Package hyperref Info: Option `breaklinks' set `true' on input line 108.
Package hyperref Info: Option `unicode' set `true' on input line 108.
Package hyperref Info: Option `bookmarksnumbered' set `true' on input line 108.

Package hyperref Info: Option `bookmarksopen' set `true' on input line 108.
Package hyperref Info: Option `colorlinks' set `true' on input line 108.
Package hyperref Info: Option `plainpages' set `false' on input line 108.
Package hyperref Info: Option `linktocpage' set `true' on input line 108.
(/usr/local/texlive/2021/texmf-dist/tex/generic/tex4ht/usepackage.4ht
version 2021-05-06-14:39
) (/usr/local/texlive/2021/texmf-dist/tex/latex/geometry/geometry.sty
Package: geometry 2020/01/02 v5.9 Page Geometry
(/usr/local/texlive/2021/texmf-dist/tex/generic/iftex/ifvtex.sty
Package: ifvtex 2019/10/25 v1.7 ifvtex legacy package. Use iftex instead.
)
\Gm@cnth=\count267
\Gm@cntv=\count268
\c@Gm@tempcnt=\count269
\Gm@bindingoffset=\dimen143
\Gm@wd@mp=\dimen144
\Gm@odd@mp=\dimen145
\Gm@even@mp=\dimen146
\Gm@layoutwidth=\dimen147
\Gm@layoutheight=\dimen148
\Gm@layouthoffset=\dimen149
\Gm@layoutvoffset=\dimen150
\Gm@dimlist=\toks20
) (/usr/local/texlive/2021/texmf-dist/tex/latex/tools/indentfirst.sty
Package: indentfirst 1995/11/23 v1.03 Indent first paragraph (DPC)
) (/usr/local/texlive/2021/texmf-dist/tex/latex/comment/comment.sty
\CommentStream=\write3
Excluding comment 'comment') (/usr/local/texlive/2021/texmf-dist/tex/generic/te
x4ht/ctex-hooks.4ht
version 2020-10-17-13:53
) (/usr/local/texlive/2021/texmf-dist/tex/latex/ctex/ctex.sty (/usr/local/texli
ve/2021/texmf-dist/tex/generic/tex4ht/expl3-hooks.4ht
version 2020-10-17-13:53
) (/usr/local/texlive/2021/texmf-dist/tex/latex/l3kernel/expl3.sty
Package: expl3 2021-07-12 L3 programming layer (loader) 
(/usr/local/texlive/2021/texmf-dist/tex/latex/l3backend/l3backend-xetex.def
File: l3backend-xetex.def 2021-08-04 L3 backend support: XeTeX
(|extractbb --version)
\c__kernel_sys_dvipdfmx_version_int=\count270
\l__color_backend_stack_int=\count271
\g__color_backend_stack_int=\count272
\g__graphics_track_int=\count273
\l__pdf_internal_box=\box50
\g__pdf_backend_object_int=\count274
\g__pdf_backend_annotation_int=\count275
\g__pdf_backend_link_int=\count276
))
Package: ctex 2021/06/20 v2.5.7 Chinese adapter in LaTeX (CTEX)
(/usr/local/texlive/2021/texmf-dist/tex/latex/l3packages/xparse/xparse.sty (/us
r/local/texlive/2021/texmf-dist/tex/generic/tex4ht/expl3-hooks.4ht
version 2020-10-17-13:53
)
Package: xparse 2021-08-04 L3 Experimental document command parser
) (/usr/local/texlive/2021/texmf-dist/tex/latex/l3packages/l3keys2e/l3keys2e.st
y (/usr/local/texlive/2021/texmf-dist/tex/generic/tex4ht/expl3-hooks.4ht
version 2020-10-17-13:53
)
Package: l3keys2e 2021-08-04 LaTeX2e option processing using LaTeX3 keys
) (/usr/local/texlive/2021/texmf-dist/tex/latex/ctex/ctexhook.sty (/usr/local/t
exlive/2021/texmf-dist/tex/generic/tex4ht/expl3-hooks.4ht
version 2020-10-17-13:53
)
Package: ctexhook 2021/06/20 v2.5.7 Document and package hooks (CTEX)
) (/usr/local/texlive/2021/texmf-dist/tex/latex/ctex/ctexpatch.sty (/usr/local/
texlive/2021/texmf-dist/tex/generic/tex4ht/expl3-hooks.4ht
version 2020-10-17-13:53
)
Package: ctexpatch 2021/06/20 v2.5.7 Patching commands (CTEX)
) (/usr/local/texlive/2021/texmf-dist/tex/latex/base/fix-cm.sty
Package: fix-cm 2020/11/24 v1.1t fixes to LaTeX
(/usr/local/texlive/2021/texmf-dist/tex/latex/base/ts1enc.def
File: ts1enc.def 2001/06/05 v3.0e (jk/car/fm) Standard LaTeX file
LaTeX Font Info:    Redeclaring font encoding TS1 on input line 47.
))
\l__ctex_tmp_int=\count277
\l__ctex_tmp_box=\box51
\l__ctex_tmp_dim=\dimen151
\g__ctex_section_depth_int=\count278
\g__ctex_font_size_int=\count279
(/usr/local/texlive/2021/texmf-dist/tex/latex/ctex/config/ctexopts.cfg
File: ctexopts.cfg 2021/06/20 v2.5.7 Option configuration file (CTEX)
)
(/usr/local/texlive/2021/texmf-dist/tex/latex/ctex/engine/ctex-engine-xetex.def
File: ctex-engine-xetex.def 2021/06/20 v2.5.7 XeLaTeX adapter (CTEX)
(/usr/local/texlive/2021/texmf-dist/tex/generic/tex4ht/xecjk-hooks.4ht
version 2020-10-17-13:53
tex4ht warning: package xeCJK was prevented from loading
) (/usr/local/texlive/2021/texmf-dist/tex/generic/tex4ht/fontspec-hooks.4ht
version 2020-10-17-13:53
(/usr/local/texlive/2021/texmf-dist/tex/generic/tex4ht/usepackage-fontspec.4ht
version 2020-09-02-14:24
)) (/usr/local/texlive/2021/texmf-dist/tex/latex/fontspec/fontspec.sty
Package: fontspec 2020/02/21 v2.7i Font selection for XeLaTeX and LuaLaTeX
(/usr/local/texlive/2021/texmf-dist/tex/latex/fontspec/fontspec-xetex.sty
Package: fontspec-xetex 2020/02/21 v2.7i Font selection for XeLaTeX and LuaLaTe
X
\l__fontspec_script_int=\count280
\l__fontspec_language_int=\count281
\l__fontspec_strnum_int=\count282
\l__fontspec_tmp_int=\count283
\l__fontspec_tmpa_int=\count284
\l__fontspec_tmpb_int=\count285
\l__fontspec_tmpc_int=\count286
\l__fontspec_em_int=\count287
\l__fontspec_emdef_int=\count288
\l__fontspec_strong_int=\count289
\l__fontspec_strongdef_int=\count290
\l__fontspec_tmpa_dim=\dimen152
\l__fontspec_tmpb_dim=\dimen153
\l__fontspec_tmpc_dim=\dimen154
(/usr/local/texlive/2021/texmf-dist/tex/latex/base/fontenc.sty
Package: fontenc 2021/04/29 v2.0v Standard LaTeX package
) (/usr/local/texlive/2021/texmf-dist/tex/latex/fontspec/fontspec.cfg)))
Package hyperref Info: Option `unicode' set `true' on input line 39.
\ccwd=\dimen155
\l__ctex_ccglue_skip=\skip49
)
\l__ctex_ziju_dim=\dimen156
(/usr/local/texlive/2021/texmf-dist/tex/latex/zhnumber/zhnumber.sty (/usr/local
/texlive/2021/texmf-dist/tex/generic/tex4ht/expl3-hooks.4ht
version 2020-10-17-13:53
)
Package: zhnumber 2020/05/01 v2.8 Typesetting numbers with Chinese glyphs
\l__zhnum_scale_int=\count291
(/usr/local/texlive/2021/texmf-dist/tex/latex/zhnumber/zhnumber-utf8.cfg
File: zhnumber-utf8.cfg 2020/05/01 v2.8 Chinese numerals with UTF8 encoding
))
(/usr/local/texlive/2021/texmf-dist/tex/latex/ctex/scheme/ctex-scheme-plain.def
File: ctex-scheme-plain.def 2021/06/20 v2.5.7 Plain scheme for generic (CTEX)
)) (/usr/local/texlive/2021/texmf-dist/tex/latex/ctex/config/ctex.cfg
File: ctex.cfg 2021/06/20 v2.5.7 Configuration file (CTEX)
) (/usr/local/texlive/2021/texmf-dist/tex/latex/newtx/newtxtext.sty
Package: newtxtext 2021/05/24 v1.653

`newtxtext' v1.653, 2021/05/24 Text macros taking advantage of TeX-Gyre Termes 
fonts (msharpe) (/usr/local/texlive/2021/texmf-dist/tex/latex/fontaxes/fontaxes
.sty
Package: fontaxes 2020/07/21 v1.0e Font selection axes
LaTeX Info: Redefining \upshape on input line 29.
LaTeX Info: Redefining \itshape on input line 31.
LaTeX Info: Redefining \slshape on input line 33.
LaTeX Info: Redefining \swshape on input line 35.
LaTeX Info: Redefining \scshape on input line 37.
LaTeX Info: Redefining \sscshape on input line 39.
LaTeX Info: Redefining \ulcshape on input line 41.
LaTeX Info: Redefining \textsw on input line 47.
LaTeX Info: Redefining \textssc on input line 48.
LaTeX Info: Redefining \textulc on input line 49.
)
\ntx@fs=\dimen157
(/usr/local/texlive/2021/texmf-dist/tex/latex/xkeyval/xkeyval.sty
Package: xkeyval 2020/11/20 v2.8 package option processing (HA)
(/usr/local/texlive/2021/texmf-dist/tex/generic/xkeyval/xkeyval.tex (/usr/local
/texlive/2021/texmf-dist/tex/generic/xkeyval/xkvutils.tex
\XKV@toks=\toks21
\XKV@tempa@toks=\toks22
)
\XKV@depth=\count292
File: xkeyval.tex 2014/12/03 v2.7a key=value parser (HA)
)) (/usr/local/texlive/2021/texmf-dist/tex/generic/xstring/xstring.sty (/usr/lo
cal/texlive/2021/texmf-dist/tex/generic/xstring/xstring.tex
\integerpart=\count293
\decimalpart=\count294
)
Package: xstring 2021/07/21 v1.84 String manipulations (CT)
) (/usr/local/texlive/2021/texmf-dist/tex/latex/base/ifthen.sty
Package: ifthen 2020/11/24 v1.1c Standard LaTeX ifthen package (DPC)
) (/usr/local/texlive/2021/texmf-dist/tex/latex/carlisle/scalefnt.sty) (/usr/lo
cal/texlive/2021/texmf-dist/tex/latex/base/fontenc.sty
Package: fontenc 2021/04/29 v2.0v Standard LaTeX package
LaTeX Font Info:    Trying to load font information for T1+ntxtlf on input line
 112.
(/usr/local/texlive/2021/texmf-dist/tex/latex/newtx/t1ntxtlf.fd
File: t1ntxtlf.fd 2021/05/24 v1.1 font definition file for T1/ntx/tlf
)
LaTeX Font Info:    Font shape `T1/ntxtlf/m/n' will be
(Font)              scaled to size 12.0pt on input line 112.
) (/usr/local/texlive/2021/texmf-dist/tex/latex/base/textcomp.sty
Package: textcomp 2020/02/02 v2.0n Standard LaTeX package
LaTeX Font Info:    Changing ? sub-encoding to TS1/0 on input line 78.
)
LaTeX Info: Redefining \textin on input line 107.
\ntxt@cntz=\count295
LaTeX Font Info:    Redeclaring math symbol \mathsterling on input line 320.
) (/usr/local/texlive/2021/texmf-dist/tex/latex/anyfontsize/anyfontsize.sty
Invalid UTF-8 byte or sequence at line 3 replaced by U+FFFD.
Invalid UTF-8 byte or sequence at line 3 replaced by U+FFFD.
Package: anyfontsize 2007/11/22 anyfontsize.sty by pts
) (/usr/local/texlive/2021/texmf-dist/tex/latex/newtx/newtxmath.sty
Package: newtxmath 2021/06/01 v1.655

`newtxmath' v1.655, 2021/06/01 Math macros based originally on txfonts (msharpe
) (/usr/local/texlive/2021/texmf-dist/tex/latex/amsmath/amsmath.sty
Package: amsmath 2021/04/20 v2.17j AMS math features
\@mathmargin=\skip50
For additional information on amsmath, use the `?' option.
(/usr/local/texlive/2021/texmf-dist/tex/latex/amsmath/amstext.sty
Package: amstext 2000/06/29 v2.01 AMS text
(/usr/local/texlive/2021/texmf-dist/tex/latex/amsmath/amsgen.sty
File: amsgen.sty 1999/11/30 v2.0 generic functions
\@emptytoks=\toks23
\ex@=\dimen158
)) (/usr/local/texlive/2021/texmf-dist/tex/latex/amsmath/amsbsy.sty
Package: amsbsy 1999/11/29 v1.2d Bold Symbols
\pmbraise@=\dimen159
) (/usr/local/texlive/2021/texmf-dist/tex/latex/amsmath/amsopn.sty
Package: amsopn 2016/03/08 v2.02 operator names
)
\inf@bad=\count296
LaTeX Info: Redefining \frac on input line 234.
\uproot@=\count297
\leftroot@=\count298
LaTeX Info: Redefining \overline on input line 399.
\classnum@=\count299
\DOTSCASE@=\count300
LaTeX Info: Redefining \ldots on input line 496.
LaTeX Info: Redefining \dots on input line 499.
LaTeX Info: Redefining \cdots on input line 620.
\Mathstrutbox@=\box52
\strutbox@=\box53
\big@size=\dimen160
LaTeX Font Info:    Redeclaring font encoding OML on input line 743.
LaTeX Font Info:    Redeclaring font encoding OMS on input line 744.
\macc@depth=\count301
\c@MaxMatrixCols=\count302
\dotsspace@=\muskip17
\c@parentequation=\count303
\dspbrk@lvl=\count304
\tag@help=\toks24
\row@=\count305
\column@=\count306
\maxfields@=\count307
\andhelp@=\toks25
\eqnshift@=\dimen161
\alignsep@=\dimen162
\tagshift@=\dimen163
\tagwidth@=\dimen164
\totwidth@=\dimen165
\lineht@=\dimen166
\@envbody=\toks26
\multlinegap=\skip51
\multlinetaggap=\skip52
\mathdisplay@stack=\toks27
LaTeX Info: Redefining \[ on input line 2923.
LaTeX Info: Redefining \] on input line 2924.
) (/usr/local/texlive/2021/texmf-dist/tex/generic/iftex/ifxetex.sty
Package: ifxetex 2019/10/25 v0.7 ifxetex legacy package. Use iftex instead.
) (/usr/local/texlive/2021/texmf-dist/tex/generic/iftex/ifluatex.sty
Package: ifluatex 2019/10/25 v1.5 ifluatex legacy package. Use iftex instead.
) (/usr/local/texlive/2021/texmf-dist/tex/latex/oberdiek/centernot.sty
Package: centernot 2016/05/16 v1.4 Centers the not symbol horizontally (HO)
)
\tx@cntz=\count308
(/usr/local/texlive/2021/texmf-dist/tex/generic/kastrup/binhex.tex)
\tx@Isdigit=\count309
\tx@IsAlNum=\count310
\tx@tA=\toks28
\tx@tB=\toks29
\tx@su=\read2
LaTeX Font Info:    Redeclaring symbol font `operators' on input line 360.
LaTeX Font Info:    Overwriting symbol font `operators' in version `normal'
(Font)                  OT1/cmr/m/n --> OT1/ntxtlf/m/n on input line 360.
LaTeX Font Info:    Overwriting symbol font `operators' in version `bold'
(Font)                  OT1/cmr/bx/n --> OT1/ntxtlf/m/n on input line 360.
LaTeX Font Info:    Overwriting symbol font `operators' in version `bold'
(Font)                  OT1/ntxtlf/m/n --> OT1/ntxtlf/b/n on input line 361.
LaTeX Font Info:    Redeclaring math alphabet \mathsf on input line 369.
LaTeX Font Info:    Overwriting math alphabet `\mathsf' in version `normal'
(Font)                  OT1/cmss/m/n --> T1/qhv/m/n on input line 369.
LaTeX Font Info:    Overwriting math alphabet `\mathsf' in version `bold'
(Font)                  OT1/cmss/bx/n --> T1/qhv/m/n on input line 369.
LaTeX Font Info:    Redeclaring math alphabet \mathit on input line 370.
LaTeX Font Info:    Overwriting math alphabet `\mathit' in version `normal'
(Font)                  OT1/cmr/m/it --> OT1/ntxtlf/m/it on input line 370.
LaTeX Font Info:    Overwriting math alphabet `\mathit' in version `bold'
(Font)                  OT1/cmr/bx/it --> OT1/ntxtlf/m/it on input line 370.
LaTeX Font Info:    Redeclaring math alphabet \mathtt on input line 371.
LaTeX Font Info:    Overwriting math alphabet `\mathtt' in version `normal'
(Font)                  OT1/cmtt/m/n --> T1/ntxtt/m/n on input line 371.
LaTeX Font Info:    Overwriting math alphabet `\mathtt' in version `bold'
(Font)                  OT1/cmtt/m/n --> T1/ntxtt/m/n on input line 371.
LaTeX Font Info:    Redeclaring math alphabet \mathbf on input line 373.
LaTeX Font Info:    Overwriting math alphabet `\mathbf' in version `normal'
(Font)                  OT1/cmr/bx/n --> OT1/ntxtlf/b/n on input line 373.
LaTeX Font Info:    Overwriting math alphabet `\mathbf' in version `bold'
(Font)                  OT1/cmr/bx/n --> OT1/ntxtlf/b/n on input line 373.
LaTeX Font Info:    Overwriting math alphabet `\mathit' in version `bold'
(Font)                  OT1/ntxtlf/m/it --> OT1/ntxtlf/b/it on input line 374.
LaTeX Font Info:    Overwriting math alphabet `\mathsf' in version `bold'
(Font)                  T1/qhv/m/n --> T1/qhv/b/n on input line 375.
LaTeX Font Info:    Overwriting math alphabet `\mathtt' in version `bold'
(Font)                  T1/ntxtt/m/n --> T1/ntxtt/b/n on input line 376.
LaTeX Font Info:    Redeclaring symbol font `letters' on input line 477.
LaTeX Font Info:    Overwriting symbol font `letters' in version `normal'
(Font)                  OML/cmm/m/it --> OML/ntxmi/m/it on input line 477.
LaTeX Font Info:    Overwriting symbol font `letters' in version `bold'
(Font)                  OML/cmm/b/it --> OML/ntxmi/m/it on input line 477.
LaTeX Font Info:    Overwriting symbol font `letters' in version `bold'
(Font)                  OML/ntxmi/m/it --> OML/ntxmi/b/it on input line 478.
\symlettersA=\mathgroup4
LaTeX Font Info:    Overwriting symbol font `lettersA' in version `bold'
(Font)                  U/ntxmia/m/it --> U/ntxmia/b/it on input line 533.
LaTeX Font Info:    Redeclaring symbol font `symbols' on input line 554.
LaTeX Font Info:    Encoding `OMS' has changed to `LMS' for symbol font
(Font)              `symbols' in the math version `normal' on input line 554.
LaTeX Font Info:    Overwriting symbol font `symbols' in version `normal'
(Font)                  OMS/cmsy/m/n --> LMS/ntxsy/m/n on input line 554.
LaTeX Font Info:    Encoding `OMS' has changed to `LMS' for symbol font
(Font)              `symbols' in the math version `bold' on input line 554.
LaTeX Font Info:    Overwriting symbol font `symbols' in version `bold'
(Font)                  OMS/cmsy/b/n --> LMS/ntxsy/m/n on input line 554.
LaTeX Font Info:    Overwriting symbol font `symbols' in version `bold'
(Font)                  LMS/ntxsy/m/n --> LMS/ntxsy/b/n on input line 555.
\symAMSm=\mathgroup5
LaTeX Font Info:    Overwriting symbol font `AMSm' in version `bold'
(Font)                  U/ntxsym/m/n --> U/ntxsym/b/n on input line 580.
\symsymbolsC=\mathgroup6
LaTeX Font Info:    Overwriting symbol font `symbolsC' in version `bold'
(Font)                  U/ntxsyc/m/n --> U/ntxsyc/b/n on input line 601.
LaTeX Font Info:    Redeclaring symbol font `largesymbols' on input line 614.
LaTeX Font Info:    Encoding `OMX' has changed to `LMX' for symbol font
(Font)              `largesymbols' in the math version `normal' on input line 6
14.
LaTeX Font Info:    Overwriting symbol font `largesymbols' in version `normal'
(Font)                  OMX/cmex/m/n --> LMX/ntxexx/m/n on input line 614.
LaTeX Font Info:    Encoding `OMX' has changed to `LMX' for symbol font
(Font)              `largesymbols' in the math version `bold' on input line 614
.
LaTeX Font Info:    Overwriting symbol font `largesymbols' in version `bold'
(Font)                  OMX/cmex/m/n --> LMX/ntxexx/m/n on input line 614.
LaTeX Font Info:    Overwriting symbol font `largesymbols' in version `bold'
(Font)                  LMX/ntxexx/m/n --> LMX/ntxexx/b/n on input line 615.
\symlargesymbolsTXA=\mathgroup7
LaTeX Font Info:    Overwriting symbol font `largesymbolsTXA' in version `bold'

(Font)                  U/ntxexa/m/n --> U/ntxexa/b/n on input line 629.
\tx@sbptoks=\toks30
LaTeX Font Info:    Redeclaring math delimiter \lfloor on input line 852.
LaTeX Font Info:    Redeclaring math delimiter \rfloor on input line 853.
LaTeX Font Info:    Redeclaring math delimiter \lceil on input line 854.
LaTeX Font Info:    Redeclaring math delimiter \rceil on input line 855.
LaTeX Font Info:    Redeclaring math delimiter \lbrace on input line 856.
LaTeX Font Info:    Redeclaring math delimiter \rbrace on input line 857.
LaTeX Font Info:    Redeclaring math delimiter \langle on input line 858.
LaTeX Font Info:    Redeclaring math delimiter \rangle on input line 860.
LaTeX Font Info:    Redeclaring math delimiter \arrowvert on input line 864.
LaTeX Font Info:    Redeclaring math delimiter \vert on input line 865.
LaTeX Font Info:    Redeclaring math symbol \hbar on input line 911.
LaTeX Font Info:    Redeclaring math accent \dot on input line 936.
LaTeX Font Info:    Redeclaring math accent \ddot on input line 937.
LaTeX Font Info:    Redeclaring math accent \vec on input line 2000.
LaTeX Info: Redefining \Bbbk on input line 2788.
LaTeX Info: Redefining \not on input line 2937.
) (/usr/local/texlive/2021/texmf-dist/tex/latex/esint/esint.sty
Package: esint 
\symlargesymbolsA=\mathgroup8
)
\symCMlargesymbols=\mathgroup9
(/usr/local/texlive/2021/texmf-dist/tex/generic/tex4ht/xcolor-hooks.4ht
version 2020-10-17-13:53
) (/usr/local/texlive/2021/texmf-dist/tex/latex/xcolor/xcolor.sty
Package: xcolor 2016/05/11 v2.12 LaTeX color extensions (UK)
(/usr/local/texlive/2021/texmf-dist/tex/latex/graphics-cfg/color.cfg
File: color.cfg 2016/01/02 v1.6 sample color configuration
)
Package xcolor Info: Driver file: dvips.def on input line 225.
(/usr/local/texlive/2021/texmf-dist/tex/latex/graphics-def/dvips.def
File: dvips.def 2017/06/20 v3.1d Graphics/color driver for dvips
) (/usr/local/texlive/2021/texmf-dist/tex/latex/colortbl/colortbl.sty
Package: colortbl 2020/01/04 v1.0e Color table columns (DPC)
(/usr/local/texlive/2021/texmf-dist/tex/latex/tools/array.sty
Package: array 2021/04/20 v2.5e Tabular extension package (FMi)
\col@sep=\dimen167
\ar@mcellbox=\box54
\extrarowheight=\dimen168
\NC@list=\toks31
\extratabsurround=\skip53
\backup@length=\skip54
\ar@cellbox=\box55
)
\everycr=\toks32
\minrowclearance=\skip55
)
\rownum=\count311
Package xcolor Info: Model `cmy' substituted by `cmy0' on input line 1348.
Package xcolor Info: Model `RGB' extended on input line 1364.
Package xcolor Info: Model `HTML' substituted by `rgb' on input line 1366.
Package xcolor Info: Model `Hsb' substituted by `hsb' on input line 1367.
Package xcolor Info: Model `tHsb' substituted by `hsb' on input line 1368.
Package xcolor Info: Model `HSB' substituted by `hsb' on input line 1369.
Package xcolor Info: Model `Gray' substituted by `gray' on input line 1370.
Package xcolor Info: Model `wave' substituted by `hsb' on input line 1371.
) (/usr/local/texlive/2021/texmf-dist/tex/latex/mwe/mwe.sty
Package: mwe 2018/03/30 v0.5 Package to support minimal working examples (MWE)
(/usr/local/texlive/2021/texmf-dist/tex/latex/graphics/graphicx.sty
Package: graphicx 2020/12/05 v1.2c Enhanced LaTeX Graphics (DPC,SPQR)
(/usr/local/texlive/2021/texmf-dist/tex/generic/tex4ht/graphics-hooks.4ht
version 2020-10-17-13:53
) (/usr/local/texlive/2021/texmf-dist/tex/latex/graphics/graphics.sty
Package: graphics 2021/03/04 v1.4d Standard LaTeX Graphics (DPC,SPQR)
(/usr/local/texlive/2021/texmf-dist/tex/latex/graphics/trig.sty
Package: trig 2016/01/03 v1.10 sin cos tan (DPC)
) (/usr/local/texlive/2021/texmf-dist/tex/latex/graphics-cfg/graphics.cfg
File: graphics.cfg 2016/06/04 v1.11 sample graphics configuration
)
Package graphics Info: Driver file: dvips.def on input line 107.
)
\Gin@req@height=\dimen169
\Gin@req@width=\dimen170
) (/usr/local/texlive/2021/texmf-dist/tex/latex/lipsum/lipsum.sty
Package: lipsum 2021-08-01 v2.5 150 paragraphs of Lorem Ipsum dummy text
\g__lipsum_par_int=\count312
\l__lipsum_a_int=\count313
\l__lipsum_b_int=\count314
(/usr/local/texlive/2021/texmf-dist/tex/latex/lipsum/lipsum.ltd.tex)) (/usr/loc
al/texlive/2021/texmf-dist/tex/latex/blindtext/blindtext.sty
Package: blindtext 2012/01/06 V2.0 blindtext-Package
(/usr/local/texlive/2021/texmf-dist/tex/latex/tools/xspace.sty
Package: xspace 2014/10/28 v1.13 Space after command names (DPC,MH)
)
\c@blindtext=\count315
\c@Blindtext=\count316
\c@blind@countparstart=\count317
\blind@countxx=\count318
\blindtext@numBlindtext=\count319
\blind@countyy=\count320
\c@blindlist=\count321
\c@blindlistlevel=\count322
\c@blindlist@level=\count323
\blind@listitem=\count324
\c@blind@listcount=\count325
\c@blind@levelcount=\count326
\blind@mathformula=\count327
\blind@Mathformula=\count328
\c@blind@randomcount=\count329
\c@blind@randommax=\count330
\c@blind@pangramcount=\count331
\c@blind@pangrammax=\count332
)) (/usr/local/texlive/2021/texmf-dist/tex/latex/tools/enumerate.sty
Package: enumerate 2015/07/23 v3.00 enumerate extensions (DPC)
\@enLab=\toks33
) (/usr/local/texlive/2021/texmf-dist/tex/latex/enumitem/enumitem.sty
Package: enumitem 2019/06/20 v3.9 Customized lists
\labelindent=\skip56
\enit@outerparindent=\dimen171
\enit@toks=\toks34
\enit@inbox=\box56
\enit@count@id=\count333
\enitdp@description=\count334
) (/usr/local/texlive/2021/texmf-dist/tex/generic/tex4ht/caption-hooks.4ht
version 2021-05-16-09:21
) (/usr/local/texlive/2021/texmf-dist/tex/latex/caption/caption.sty
Package: caption 2020/10/26 v3.5g Customizing captions (AR)
(/usr/local/texlive/2021/texmf-dist/tex/latex/caption/caption3.sty
Package: caption3 2020/10/21 v2.2e caption3 kernel (AR)
\captionmargin=\dimen172
\captionmargin@=\dimen173
\captionwidth=\dimen174
\caption@tempdima=\dimen175
\caption@indent=\dimen176
\caption@parindent=\dimen177
\caption@hangindent=\dimen178
Package caption Info: Standard document class detected.
)
\c@caption@flags=\count335
\c@continuedfloat=\count336
Package caption Info: hyperref package is loaded.
Package caption Info: Hyperref support is turned off
(caption)             because hyperref has stopped early.
) (/usr/local/texlive/2021/texmf-dist/tex/latex/jknapltx/mathrsfs.sty
Package: mathrsfs 1996/01/01 Math RSFS package v1.0 (jk)
\symrsfs=\mathgroup10
) (/usr/local/texlive/2021/texmf-dist/tex/latex/amsfonts/amsfonts.sty
Package: amsfonts 2013/01/14 v3.01 Basic AMSFonts support
\symAMSa=\mathgroup11
\symAMSb=\mathgroup12
LaTeX Font Info:    Redeclaring math delimiter \ulcorner on input line 74.
LaTeX Font Info:    Redeclaring math delimiter \urcorner on input line 75.
LaTeX Font Info:    Redeclaring math delimiter \llcorner on input line 76.
LaTeX Font Info:    Redeclaring math delimiter \lrcorner on input line 77.
LaTeX Font Info:    Redeclaring math symbol \square on input line 141.
LaTeX Font Info:    Redeclaring math symbol \lozenge on input line 142.
) (/usr/local/texlive/2021/texmf-dist/tex/latex/amsfonts/amssymb.sty
Package: amssymb 2013/01/14 v3.01 AMS font symbols
LaTeX Font Info:    Redeclaring math symbol \boxdot on input line 44.
LaTeX Font Info:    Redeclaring math symbol \boxplus on input line 45.
LaTeX Font Info:    Redeclaring math symbol \boxtimes on input line 46.
LaTeX Font Info:    Redeclaring math symbol \blacksquare on input line 48.
LaTeX Font Info:    Redeclaring math symbol \centerdot on input line 49.
LaTeX Font Info:    Redeclaring math symbol \blacklozenge on input line 51.
LaTeX Font Info:    Redeclaring math symbol \circlearrowright on input line 52.

LaTeX Font Info:    Redeclaring math symbol \circlearrowleft on input line 53.
LaTeX Font Info:    Redeclaring math symbol \leftrightharpoons on input line 56
.
LaTeX Font Info:    Redeclaring math symbol \boxminus on input line 57.
LaTeX Font Info:    Redeclaring math symbol \Vdash on input line 58.
LaTeX Font Info:    Redeclaring math symbol \Vvdash on input line 59.
LaTeX Font Info:    Redeclaring math symbol \vDash on input line 60.
LaTeX Font Info:    Redeclaring math symbol \twoheadrightarrow on input line 61
.
LaTeX Font Info:    Redeclaring math symbol \twoheadleftarrow on input line 62.

LaTeX Font Info:    Redeclaring math symbol \leftleftarrows on input line 63.
LaTeX Font Info:    Redeclaring math symbol \rightrightarrows on input line 64.

LaTeX Font Info:    Redeclaring math symbol \upuparrows on input line 65.
LaTeX Font Info:    Redeclaring math symbol \downdownarrows on input line 66.
LaTeX Font Info:    Redeclaring math symbol \upharpoonright on input line 67.
LaTeX Font Info:    Redeclaring math symbol \downharpoonright on input line 69.

LaTeX Font Info:    Redeclaring math symbol \upharpoonleft on input line 70.
LaTeX Font Info:    Redeclaring math symbol \downharpoonleft on input line 71.
LaTeX Font Info:    Redeclaring math symbol \rightarrowtail on input line 72.
LaTeX Font Info:    Redeclaring math symbol \leftarrowtail on input line 73.
LaTeX Font Info:    Redeclaring math symbol \leftrightarrows on input line 74.
LaTeX Font Info:    Redeclaring math symbol \rightleftarrows on input line 75.
LaTeX Font Info:    Redeclaring math symbol \Lsh on input line 76.
LaTeX Font Info:    Redeclaring math symbol \Rsh on input line 77.
LaTeX Font Info:    Redeclaring math symbol \leftrightsquigarrow on input line 
79.
LaTeX Font Info:    Redeclaring math symbol \looparrowleft on input line 80.
LaTeX Font Info:    Redeclaring math symbol \looparrowright on input line 81.
LaTeX Font Info:    Redeclaring math symbol \circeq on input line 82.
LaTeX Font Info:    Redeclaring math symbol \succsim on input line 83.
LaTeX Font Info:    Redeclaring math symbol \gtrsim on input line 84.
LaTeX Font Info:    Redeclaring math symbol \gtrapprox on input line 85.
LaTeX Font Info:    Redeclaring math symbol \multimap on input line 86.
LaTeX Font Info:    Redeclaring math symbol \therefore on input line 87.
LaTeX Font Info:    Redeclaring math symbol \because on input line 88.
LaTeX Font Info:    Redeclaring math symbol \doteqdot on input line 89.
LaTeX Font Info:    Redeclaring math symbol \triangleq on input line 91.
LaTeX Font Info:    Redeclaring math symbol \precsim on input line 92.
LaTeX Font Info:    Redeclaring math symbol \lesssim on input line 93.
LaTeX Font Info:    Redeclaring math symbol \lessapprox on input line 94.
LaTeX Font Info:    Redeclaring math symbol \eqslantless on input line 95.
LaTeX Font Info:    Redeclaring math symbol \eqslantgtr on input line 96.
LaTeX Font Info:    Redeclaring math symbol \curlyeqprec on input line 97.
LaTeX Font Info:    Redeclaring math symbol \curlyeqsucc on input line 98.
LaTeX Font Info:    Redeclaring math symbol \preccurlyeq on input line 99.
LaTeX Font Info:    Redeclaring math symbol \leqq on input line 100.
LaTeX Font Info:    Redeclaring math symbol \leqslant on input line 101.
LaTeX Font Info:    Redeclaring math symbol \lessgtr on input line 102.
LaTeX Font Info:    Redeclaring math symbol \backprime on input line 103.
LaTeX Font Info:    Redeclaring math symbol \risingdotseq on input line 104.
LaTeX Font Info:    Redeclaring math symbol \fallingdotseq on input line 105.
LaTeX Font Info:    Redeclaring math symbol \succcurlyeq on input line 106.
LaTeX Font Info:    Redeclaring math symbol \geqq on input line 107.
LaTeX Font Info:    Redeclaring math symbol \geqslant on input line 108.
LaTeX Font Info:    Redeclaring math symbol \gtrless on input line 109.
LaTeX Font Info:    Redeclaring math symbol \bigstar on input line 117.
LaTeX Font Info:    Redeclaring math symbol \between on input line 118.
LaTeX Font Info:    Redeclaring math symbol \blacktriangledown on input line 11
9.
LaTeX Font Info:    Redeclaring math symbol \blacktriangleright on input line 1
20.
LaTeX Font Info:    Redeclaring math symbol \blacktriangleleft on input line 12
1.
LaTeX Font Info:    Redeclaring math symbol \vartriangle on input line 122.
LaTeX Font Info:    Redeclaring math symbol \blacktriangle on input line 123.
LaTeX Font Info:    Redeclaring math symbol \triangledown on input line 124.
LaTeX Font Info:    Redeclaring math symbol \eqcirc on input line 125.
LaTeX Font Info:    Redeclaring math symbol \lesseqgtr on input line 126.
LaTeX Font Info:    Redeclaring math symbol \gtreqless on input line 127.
LaTeX Font Info:    Redeclaring math symbol \lesseqqgtr on input line 128.
LaTeX Font Info:    Redeclaring math symbol \gtreqqless on input line 129.
LaTeX Font Info:    Redeclaring math symbol \Rrightarrow on input line 130.
LaTeX Font Info:    Redeclaring math symbol \Lleftarrow on input line 131.
LaTeX Font Info:    Redeclaring math symbol \veebar on input line 132.
LaTeX Font Info:    Redeclaring math symbol \barwedge on input line 133.
LaTeX Font Info:    Redeclaring math symbol \doublebarwedge on input line 134.
LaTeX Font Info:    Redeclaring math symbol \measuredangle on input line 137.
LaTeX Font Info:    Redeclaring math symbol \sphericalangle on input line 138.
LaTeX Font Info:    Redeclaring math symbol \varpropto on input line 139.
LaTeX Font Info:    Redeclaring math symbol \smallsmile on input line 140.
LaTeX Font Info:    Redeclaring math symbol \smallfrown on input line 141.
LaTeX Font Info:    Redeclaring math symbol \Subset on input line 142.
LaTeX Font Info:    Redeclaring math symbol \Supset on input line 143.
LaTeX Font Info:    Redeclaring math symbol \Cup on input line 144.
LaTeX Font Info:    Redeclaring math symbol \Cap on input line 146.
LaTeX Font Info:    Redeclaring math symbol \curlywedge on input line 148.
LaTeX Font Info:    Redeclaring math symbol \curlyvee on input line 149.
LaTeX Font Info:    Redeclaring math symbol \leftthreetimes on input line 150.
LaTeX Font Info:    Redeclaring math symbol \rightthreetimes on input line 151.

LaTeX Font Info:    Redeclaring math symbol \subseteqq on input line 152.
LaTeX Font Info:    Redeclaring math symbol \supseteqq on input line 153.
LaTeX Font Info:    Redeclaring math symbol \bumpeq on input line 154.
LaTeX Font Info:    Redeclaring math symbol \Bumpeq on input line 155.
LaTeX Font Info:    Redeclaring math symbol \lll on input line 156.
LaTeX Font Info:    Redeclaring math symbol \ggg on input line 158.
LaTeX Font Info:    Redeclaring math symbol \circledS on input line 160.
LaTeX Font Info:    Redeclaring math symbol \pitchfork on input line 161.
LaTeX Font Info:    Redeclaring math symbol \dotplus on input line 162.
LaTeX Font Info:    Redeclaring math symbol \backsim on input line 163.
LaTeX Font Info:    Redeclaring math symbol \backsimeq on input line 164.
LaTeX Font Info:    Redeclaring math symbol \complement on input line 165.
LaTeX Font Info:    Redeclaring math symbol \intercal on input line 166.
LaTeX Font Info:    Redeclaring math symbol \circledcirc on input line 167.
LaTeX Font Info:    Redeclaring math symbol \circledast on input line 168.
LaTeX Font Info:    Redeclaring math symbol \circleddash on input line 169.
LaTeX Font Info:    Redeclaring math symbol \lvertneqq on input line 171.
LaTeX Font Info:    Redeclaring math symbol \gvertneqq on input line 172.
LaTeX Font Info:    Redeclaring math symbol \nleq on input line 173.
LaTeX Font Info:    Redeclaring math symbol \ngeq on input line 174.
LaTeX Font Info:    Redeclaring math symbol \nless on input line 175.
LaTeX Font Info:    Redeclaring math symbol \ngtr on input line 176.
LaTeX Font Info:    Redeclaring math symbol \nprec on input line 177.
LaTeX Font Info:    Redeclaring math symbol \nsucc on input line 178.
LaTeX Font Info:    Redeclaring math symbol \lneqq on input line 179.
LaTeX Font Info:    Redeclaring math symbol \gneqq on input line 180.
LaTeX Font Info:    Redeclaring math symbol \nleqslant on input line 181.
LaTeX Font Info:    Redeclaring math symbol \ngeqslant on input line 182.
LaTeX Font Info:    Redeclaring math symbol \lneq on input line 183.
LaTeX Font Info:    Redeclaring math symbol \gneq on input line 184.
LaTeX Font Info:    Redeclaring math symbol \npreceq on input line 185.
LaTeX Font Info:    Redeclaring math symbol \nsucceq on input line 186.
LaTeX Font Info:    Redeclaring math symbol \precnsim on input line 187.
LaTeX Font Info:    Redeclaring math symbol \succnsim on input line 188.
LaTeX Font Info:    Redeclaring math symbol \lnsim on input line 189.
LaTeX Font Info:    Redeclaring math symbol \gnsim on input line 190.
LaTeX Font Info:    Redeclaring math symbol \nleqq on input line 191.
LaTeX Font Info:    Redeclaring math symbol \ngeqq on input line 192.
LaTeX Font Info:    Redeclaring math symbol \precneqq on input line 193.
LaTeX Font Info:    Redeclaring math symbol \succneqq on input line 194.
LaTeX Font Info:    Redeclaring math symbol \precnapprox on input line 195.
LaTeX Font Info:    Redeclaring math symbol \succnapprox on input line 196.
LaTeX Font Info:    Redeclaring math symbol \lnapprox on input line 197.
LaTeX Font Info:    Redeclaring math symbol \gnapprox on input line 198.
LaTeX Font Info:    Redeclaring math symbol \nsim on input line 199.
LaTeX Font Info:    Redeclaring math symbol \ncong on input line 200.
LaTeX Font Info:    Redeclaring math symbol \diagup on input line 201.
LaTeX Font Info:    Redeclaring math symbol \diagdown on input line 202.
LaTeX Font Info:    Redeclaring math symbol \varsubsetneq on input line 203.
LaTeX Font Info:    Redeclaring math symbol \varsupsetneq on input line 204.
LaTeX Font Info:    Redeclaring math symbol \nsubseteqq on input line 205.
LaTeX Font Info:    Redeclaring math symbol \nsupseteqq on input line 206.
LaTeX Font Info:    Redeclaring math symbol \subsetneqq on input line 207.
LaTeX Font Info:    Redeclaring math symbol \supsetneqq on input line 208.
LaTeX Font Info:    Redeclaring math symbol \varsubsetneqq on input line 209.
LaTeX Font Info:    Redeclaring math symbol \varsupsetneqq on input line 210.
LaTeX Font Info:    Redeclaring math symbol \subsetneq on input line 211.
LaTeX Font Info:    Redeclaring math symbol \supsetneq on input line 212.
LaTeX Font Info:    Redeclaring math symbol \nsubseteq on input line 213.
LaTeX Font Info:    Redeclaring math symbol \nsupseteq on input line 214.
LaTeX Font Info:    Redeclaring math symbol \nparallel on input line 215.
LaTeX Font Info:    Redeclaring math symbol \nmid on input line 216.
LaTeX Font Info:    Redeclaring math symbol \nshortmid on input line 217.
LaTeX Font Info:    Redeclaring math symbol \nshortparallel on input line 218.
LaTeX Font Info:    Redeclaring math symbol \nvdash on input line 219.
LaTeX Font Info:    Redeclaring math symbol \nVdash on input line 220.
LaTeX Font Info:    Redeclaring math symbol \nvDash on input line 221.
LaTeX Font Info:    Redeclaring math symbol \nVDash on input line 222.
LaTeX Font Info:    Redeclaring math symbol \ntrianglerighteq on input line 223
.
LaTeX Font Info:    Redeclaring math symbol \ntrianglelefteq on input line 224.

LaTeX Font Info:    Redeclaring math symbol \ntriangleleft on input line 225.
LaTeX Font Info:    Redeclaring math symbol \ntriangleright on input line 226.
LaTeX Font Info:    Redeclaring math symbol \nleftarrow on input line 227.
LaTeX Font Info:    Redeclaring math symbol \nrightarrow on input line 228.
LaTeX Font Info:    Redeclaring math symbol \nLeftarrow on input line 229.
LaTeX Font Info:    Redeclaring math symbol \nRightarrow on input line 230.
LaTeX Font Info:    Redeclaring math symbol \nLeftrightarrow on input line 231.

LaTeX Font Info:    Redeclaring math symbol \nleftrightarrow on input line 232.

LaTeX Font Info:    Redeclaring math symbol \divideontimes on input line 233.
LaTeX Font Info:    Redeclaring math symbol \varnothing on input line 234.
LaTeX Font Info:    Redeclaring math symbol \nexists on input line 235.
LaTeX Font Info:    Redeclaring math symbol \Finv on input line 236.
LaTeX Font Info:    Redeclaring math symbol \Game on input line 237.
LaTeX Font Info:    Redeclaring math symbol \eth on input line 240.
LaTeX Font Info:    Redeclaring math symbol \eqsim on input line 241.
LaTeX Font Info:    Redeclaring math symbol \beth on input line 242.
LaTeX Font Info:    Redeclaring math symbol \gimel on input line 243.
LaTeX Font Info:    Redeclaring math symbol \daleth on input line 244.
LaTeX Font Info:    Redeclaring math symbol \lessdot on input line 245.
LaTeX Font Info:    Redeclaring math symbol \gtrdot on input line 246.
LaTeX Font Info:    Redeclaring math symbol \ltimes on input line 247.
LaTeX Font Info:    Redeclaring math symbol \rtimes on input line 248.
LaTeX Font Info:    Redeclaring math symbol \shortmid on input line 249.
LaTeX Font Info:    Redeclaring math symbol \shortparallel on input line 250.
LaTeX Font Info:    Redeclaring math symbol \smallsetminus on input line 251.
LaTeX Font Info:    Redeclaring math symbol \thicksim on input line 252.
LaTeX Font Info:    Redeclaring math symbol \thickapprox on input line 253.
LaTeX Font Info:    Redeclaring math symbol \approxeq on input line 254.
LaTeX Font Info:    Redeclaring math symbol \succapprox on input line 255.
LaTeX Font Info:    Redeclaring math symbol \precapprox on input line 256.
LaTeX Font Info:    Redeclaring math symbol \curvearrowleft on input line 257.
LaTeX Font Info:    Redeclaring math symbol \curvearrowright on input line 258.

LaTeX Font Info:    Redeclaring math symbol \digamma on input line 259.
LaTeX Font Info:    Redeclaring math symbol \varkappa on input line 260.
LaTeX Font Info:    Redeclaring math symbol \hslash on input line 262.
LaTeX Font Info:    Redeclaring math symbol \backepsilon on input line 265.
) (/usr/local/texlive/2021/texmf-dist/tex/latex/booktabs/booktabs.sty
Package: booktabs 2020/01/12 v1.61803398 Publication quality tables
\heavyrulewidth=\dimen179
\lightrulewidth=\dimen180
\cmidrulewidth=\dimen181
\belowrulesep=\dimen182
\belowbottomsep=\dimen183
\aboverulesep=\dimen184
\abovetopsep=\dimen185
\cmidrulesep=\dimen186
\cmidrulekern=\dimen187
\defaultaddspace=\dimen188
\@cmidla=\count337
\@cmidlb=\count338
\@aboverulesep=\dimen189
\@belowrulesep=\dimen190
\@thisruleclass=\count339
\@lastruleclass=\count340
\@thisrulewidth=\dimen191
) (/usr/local/texlive/2021/texmf-dist/tex/latex/tools/multicol.sty
Package: multicol 2019/12/09 v1.8y multicolumn formatting (FMi)
\c@tracingmulticols=\count341
\mult@box=\box57
\multicol@leftmargin=\dimen192
\c@unbalance=\count342
\c@collectmore=\count343
\doublecol@number=\count344
\multicoltolerance=\count345
\multicolpretolerance=\count346
\full@width=\dimen193
\page@free=\dimen194
\premulticols=\dimen195
\postmulticols=\dimen196
\multicolsep=\skip57
\multicolbaselineskip=\skip58
\partial@page=\box58
\last@line=\box59
\maxbalancingoverflow=\dimen197
\mult@rightbox=\box60
\mult@grightbox=\box61
\mult@gfirstbox=\box62
\mult@firstbox=\box63
\@tempa=\box64
\@tempa=\box65
\@tempa=\box66
\@tempa=\box67
\@tempa=\box68
\@tempa=\box69
\@tempa=\box70
\@tempa=\box71
\@tempa=\box72
\@tempa=\box73
\@tempa=\box74
\@tempa=\box75
\@tempa=\box76
\@tempa=\box77
\@tempa=\box78
\@tempa=\box79
\@tempa=\box80
\@tempa=\box81
\@tempa=\box82
\@tempa=\box83
\@tempa=\box84
\@tempa=\box85
\@tempa=\box86
\@tempa=\box87
\@tempa=\box88
\@tempa=\box89
\@tempa=\box90
\@tempa=\box91
\@tempa=\box92
\@tempa=\box93
\@tempa=\box94
\@tempa=\box95
\@tempa=\box96
\@tempa=\box97
\@tempa=\box98
\@tempa=\box99
\@tempa=\box100
\c@minrows=\count347
\c@columnbadness=\count348
\c@finalcolumnbadness=\count349
\last@try=\dimen198
\multicolovershoot=\dimen199
\multicolundershoot=\dimen256
\mult@nat@firstbox=\box101
\colbreak@box=\box102
\mc@col@check@num=\count350
) (/usr/local/texlive/2021/texmf-dist/tex/latex/multirow/multirow.sty
Package: multirow 2021/03/15 v2.8 Span multiple rows of a table
\multirow@colwidth=\skip59
\multirow@cntb=\count351
\multirow@dima=\skip60
\bigstrutjot=\dimen257
) (/usr/local/texlive/2021/texmf-dist/tex/latex/fancyvrb/fancyvrb.sty
Package: fancyvrb 2021/01/20 v3.7 verbatim text (tvz,hv)
\FV@CodeLineNo=\count352
\FV@InFile=\read3
\FV@TabBox=\box103
\c@FancyVerbLine=\count353
\FV@StepNumber=\count354
\FV@OutFile=\write4
) (/usr/local/texlive/2021/texmf-dist/tex/latex/makecell/makecell.sty
Package: makecell 2009/08/03 V0.1e Managing of Tab Column Heads and Cells
\rotheadsize=\dimen258
\c@nlinenum=\count355
\TeXr@lab=\toks35
) (/usr/local/texlive/2021/texmf-dist/tex/generic/hologo/hologo.sty
Package: hologo 2019/12/05 v1.14 A logo collection with bookmark support (HO)
) (/usr/local/texlive/2021/texmf-dist/tex/generic/tex4ht/biblatex-hooks.4ht
version 2020-10-17-13:53
) (/usr/local/texlive/2021/texmf-dist/tex/latex/biblatex/biblatex.sty
Package: biblatex 2020/12/31 v3.16 programmable bibliographies (PK/MW)
(/usr/local/texlive/2021/texmf-dist/tex/latex/logreq/logreq.sty
Package: logreq 2010/08/04 v1.0 xml request logger
\lrq@indent=\count356
(/usr/local/texlive/2021/texmf-dist/tex/latex/logreq/logreq.def
File: logreq.def 2010/08/04 v1.0 logreq spec v1.0
))
\c@tabx@nest=\count357
\c@listtotal=\count358
\c@listcount=\count359
\c@liststart=\count360
\c@liststop=\count361
\c@citecount=\count362
\c@citetotal=\count363
\c@multicitecount=\count364
\c@multicitetotal=\count365
\c@instcount=\count366
\c@maxnames=\count367
\c@minnames=\count368
\c@maxitems=\count369
\c@minitems=\count370
\c@citecounter=\count371
\c@maxcitecounter=\count372
\c@savedcitecounter=\count373
\c@uniquelist=\count374
\c@uniquename=\count375
\c@refsection=\count376
\c@refsegment=\count377
\c@maxextratitle=\count378
\c@maxextratitleyear=\count379
\c@maxextraname=\count380
\c@maxextradate=\count381
\c@maxextraalpha=\count382
\c@abbrvpenalty=\count383
\c@highnamepenalty=\count384
\c@lownamepenalty=\count385
\c@maxparens=\count386
\c@parenlevel=\count387
\blx@tempcnta=\count388
\blx@tempcntb=\count389
\blx@tempcntc=\count390
\blx@maxsection=\count391
\blx@maxsegment@0=\count392
\blx@notetype=\count393
\blx@parenlevel@text=\count394
\blx@parenlevel@foot=\count395
\blx@sectionciteorder@0=\count396
\blx@entrysetcounter=\count397
\blx@biblioinstance=\count398
\labelnumberwidth=\skip61
\labelalphawidth=\skip62
\biblabelsep=\skip63
\bibitemsep=\skip64
\bibnamesep=\skip65
\bibinitsep=\skip66
\bibparsep=\skip67
\bibhang=\skip68
\blx@bcfin=\read4
\blx@bcfout=\write5
\blx@langwohyphens=\language87
\c@mincomprange=\count399
\c@maxcomprange=\count400
\c@mincompwidth=\count401
Package biblatex Info: Trying to load biblatex default data model...
Package biblatex Info: ... file 'blx-dm.def' found.
(/usr/local/texlive/2021/texmf-dist/tex/latex/biblatex/blx-dm.def
File: blx-dm.def 2020/12/31 v3.16 biblatex localization (PK/MW)
)
Package biblatex Info: Trying to load biblatex citestyle data model...
Package biblatex Info: ... file 'gb7714-2015.dbx' not found.
Package biblatex Info: Trying to load biblatex custom data model...
Package biblatex Info: ... file 'biblatex-dm.cfg' not found.
\c@afterword=\count402
\c@savedafterword=\count403
\c@annotator=\count404
\c@savedannotator=\count405
\c@author=\count406
\c@savedauthor=\count407
\c@bookauthor=\count408
\c@savedbookauthor=\count409
\c@commentator=\count410
\c@savedcommentator=\count411
\c@editor=\count412
\c@savededitor=\count413
\c@editora=\count414
\c@savededitora=\count415
\c@editorb=\count416
\c@savededitorb=\count417
\c@editorc=\count418
\c@savededitorc=\count419
\c@foreword=\count420
\c@savedforeword=\count421
\c@holder=\count422
\c@savedholder=\count423
\c@introduction=\count424
\c@savedintroduction=\count425
\c@namea=\count426
\c@savednamea=\count427
\c@nameb=\count428
\c@savednameb=\count429
\c@namec=\count430
\c@savednamec=\count431
\c@translator=\count432
\c@savedtranslator=\count433
\c@shortauthor=\count434
\c@savedshortauthor=\count435
\c@shorteditor=\count436
\c@savedshorteditor=\count437
\c@labelname=\count438
\c@savedlabelname=\count439
\c@institution=\count440
\c@savedinstitution=\count441
\c@lista=\count442
\c@savedlista=\count443
\c@listb=\count444
\c@savedlistb=\count445
\c@listc=\count446
\c@savedlistc=\count447
\c@listd=\count448
\c@savedlistd=\count449
\c@liste=\count450
\c@savedliste=\count451
\c@listf=\count452
\c@savedlistf=\count453
\c@location=\count454
\c@savedlocation=\count455
\c@organization=\count456
\c@savedorganization=\count457
\c@origlocation=\count458
\c@savedoriglocation=\count459
\c@origpublisher=\count460
\c@savedorigpublisher=\count461
\c@publisher=\count462
\c@savedpublisher=\count463
\c@language=\count464
\c@savedlanguage=\count465
\c@origlanguage=\count466
\c@savedoriglanguage=\count467
\c@pageref=\count468
\c@savedpageref=\count469
\shorthandwidth=\skip69
\shortjournalwidth=\skip70
\shortserieswidth=\skip71
\shorttitlewidth=\skip72
\shortauthorwidth=\skip73
\shorteditorwidth=\skip74
\locallabelnumberwidth=\skip75
\locallabelalphawidth=\skip76
\localshorthandwidth=\skip77
\localshortjournalwidth=\skip78
\localshortserieswidth=\skip79
\localshorttitlewidth=\skip80
\localshortauthorwidth=\skip81
\localshorteditorwidth=\skip82
Package biblatex Info: Trying to load enhanced support for Unicode engines...
Package biblatex Info: ... file 'blx-unicode.def' found.
(/usr/local/texlive/2021/texmf-dist/tex/latex/biblatex/blx-unicode.def)
Package biblatex Info: Trying to load compatibility code...
Package biblatex Info: ... file 'blx-compat.def' found.
(/usr/local/texlive/2021/texmf-dist/tex/latex/biblatex/blx-compat.def
File: blx-compat.def 2020/12/31 v3.16 biblatex compatibility (PK/MW)
)
Package biblatex Info: Trying to load generic definitions...
Package biblatex Info: ... file 'biblatex.def' found.
(/usr/local/texlive/2021/texmf-dist/tex/latex/biblatex/biblatex.def
File: biblatex.def 2020/12/31 v3.16 biblatex compatibility (PK/MW)
\c@textcitecount=\count470
\c@textcitetotal=\count471
\c@textcitemaxnames=\count472
\c@biburlbigbreakpenalty=\count473
\c@biburlbreakpenalty=\count474
\c@biburlnumpenalty=\count475
\c@biburlucpenalty=\count476
\c@biburllcpenalty=\count477
\biburlbigskip=\muskip18
\biburlnumskip=\muskip19
\biburlucskip=\muskip20
\biburllcskip=\muskip21
\c@smartand=\count478
)
Package biblatex Info: Trying to load bibliography style 'gb7714-2015'...
Package biblatex Info: ... file 'gb7714-2015.bbx' found.

(/usr/local/texlive/2021/texmf-dist/tex/latex/biblatex-gb7714-2015/gb7714-2015.
bbx
File: gb7714-2015.bbx 2021/05/06 v1.0ybiblatex bibliography style
Package biblatex Info: Trying to load bibliography style 'numeric-comp'...
Package biblatex Info: ... file 'numeric-comp.bbx' found.
(/usr/local/texlive/2021/texmf-dist/tex/latex/biblatex/bbx/numeric-comp.bbx
File: numeric-comp.bbx 2020/12/31 v3.16 biblatex bibliography style (PK/MW)
Package biblatex Info: Trying to load bibliography style 'numeric'...
Package biblatex Info: ... file 'numeric.bbx' found.
(/usr/local/texlive/2021/texmf-dist/tex/latex/biblatex/bbx/numeric.bbx
File: numeric.bbx 2020/12/31 v3.16 biblatex bibliography style (PK/MW)
Package biblatex Info: Trying to load bibliography style 'standard'...
Package biblatex Info: ... file 'standard.bbx' found.
(/usr/local/texlive/2021/texmf-dist/tex/latex/biblatex/bbx/standard.bbx
File: standard.bbx 2020/12/31 v3.16 biblatex bibliography style (PK/MW)
\c@bbx:relatedcount=\count479
\c@bbx:relatedtotal=\count480
)))
\footbibmargin=\skip83
\footbiblabelsep=\skip84
\c@gbnamefmtcase=\count481
\c@gbalignlabel=\count482
\c@gbcitelocalcase=\count483
\c@gbbiblocalcase=\count484
\c@lanordernum=\count485
\bibitemindent=\skip85
\biblabelextend=\skip86
Package biblatex Info: Delimiter 'finalnamedelim' in context '' already defined
, overwriting.
)
Package biblatex Info: Trying to load citation style 'gb7714-2015'...
Package biblatex Info: ... file 'gb7714-2015.cbx' found.

(/usr/local/texlive/2021/texmf-dist/tex/latex/biblatex-gb7714-2015/gb7714-2015.
cbx
File: gb7714-2015.cbx 2021/05/06 v1.0ybiblatex citation style
Package biblatex Info: Trying to load citation style 'numeric-comp'...
Package biblatex Info: ... file 'numeric-comp.cbx' found.
(/usr/local/texlive/2021/texmf-dist/tex/latex/biblatex/cbx/numeric-comp.cbx
File: numeric-comp.cbx 2020/12/31 v3.16 biblatex citation style (PK/MW)
\c@cbx@tempcnta=\count486
\c@cbx@tempcntb=\count487
\c@cbx@tempcntc=\count488
\c@cbx@tempcntd=\count489
Package biblatex Info: Redefining '\cite'.
Package biblatex Info: Redefining '\parencite'.
Package biblatex Info: Redefining '\footcite'.
Package biblatex Info: Redefining '\footcitetext'.
Package biblatex Info: Redefining '\smartcite'.
Package biblatex Info: Redefining '\supercite'.
Package biblatex Info: Redefining '\textcite'.
Package biblatex Info: Redefining '\textcites'.
Package biblatex Info: Redefining '\cites'.
Package biblatex Info: Redefining '\parencites'.
Package biblatex Info: Redefining '\smartcites'.
)
Package biblatex Info: Redefining '\cite'.
Package biblatex Info: Redefining '\parencite'.
Package biblatex Info: Redefining '\cbx@textcite'.
)
Package biblatex Info: Trying to load configuration file...
Package biblatex Info: ... file 'biblatex.cfg' found.
(/usr/local/texlive/2021/texmf-dist/tex/latex/biblatex/biblatex.cfg
File: biblatex.cfg 
)) (/usr/local/texlive/2021/texmf-dist/tex/latex/appendix/appendix.sty
Package: appendix 2020/02/08 v1.2c extra appendix facilities
\c@@pps=\count490
\c@@ppsavesec=\count491
\c@@ppsaveapp=\count492
) (/usr/local/texlive/2021/texmf-dist/tex/generic/tex4ht/tikz-hooks.4ht
version 2021-04-16-13:27
*****************************
TeX4ht info: Using dvisvgm4ht TikZ driver. Put \def \pgfsysdriver {driver-name}
 to your document before use of TikZ if you want to another driver. Use tikz+ o
ption if your TikZ pictures use patterns.
) (/usr/local/texlive/2021/texmf-dist/tex/latex/pgf/frontendlayer/tikz.sty (/us
r/local/texlive/2021/texmf-dist/tex/latex/pgf/basiclayer/pgf.sty (/usr/local/te
xlive/2021/texmf-dist/tex/latex/pgf/utilities/pgfrcs.sty
(/usr/local/texlive/2021/texmf-dist/tex/generic/pgf/utilities/pgfutil-common.te
x
\pgfutil@everybye=\toks36
\pgfutil@tempdima=\dimen259
\pgfutil@tempdimb=\dimen260

(/usr/local/texlive/2021/texmf-dist/tex/generic/pgf/utilities/pgfutil-common-li
sts.tex))
(/usr/local/texlive/2021/texmf-dist/tex/generic/pgf/utilities/pgfutil-latex.def
\pgfutil@abb=\box104
) (/usr/local/texlive/2021/texmf-dist/tex/generic/pgf/utilities/pgfrcs.code.tex
(/usr/local/texlive/2021/texmf-dist/tex/generic/pgf/pgf.revision.tex)
Package: pgfrcs 2021/05/15 v3.1.9a (3.1.9a)
))
Package: pgf 2021/05/15 v3.1.9a (3.1.9a)
(/usr/local/texlive/2021/texmf-dist/tex/latex/pgf/basiclayer/pgfcore.sty (/usr/
local/texlive/2021/texmf-dist/tex/latex/pgf/systemlayer/pgfsys.sty
(/usr/local/texlive/2021/texmf-dist/tex/generic/pgf/systemlayer/pgfsys.code.tex
Package: pgfsys 2021/05/15 v3.1.9a (3.1.9a)
(/usr/local/texlive/2021/texmf-dist/tex/generic/pgf/utilities/pgfkeys.code.tex
\pgfkeys@pathtoks=\toks37
\pgfkeys@temptoks=\toks38

(/usr/local/texlive/2021/texmf-dist/tex/generic/pgf/utilities/pgfkeysfiltered.c
ode.tex
\pgfkeys@tmptoks=\toks39
))
\pgf@x=\dimen261
\pgf@y=\dimen262
\pgf@xa=\dimen263
\pgf@ya=\dimen264
\pgf@xb=\dimen265
\pgf@yb=\dimen266
\pgf@xc=\dimen267
\pgf@yc=\dimen268
\pgf@xd=\dimen269
\pgf@yd=\dimen270
\w@pgf@writea=\write6
\r@pgf@reada=\read5
\c@pgf@counta=\count493
\c@pgf@countb=\count494
\c@pgf@countc=\count495
\c@pgf@countd=\count496
\t@pgf@toka=\toks40
\t@pgf@tokb=\toks41
\t@pgf@tokc=\toks42
\pgf@sys@id@count=\count497
(/usr/local/texlive/2021/texmf-dist/tex/generic/pgf/systemlayer/pgf.cfg
File: pgf.cfg 2021/05/15 v3.1.9a (3.1.9a)
)
Driver file for pgf: pgfsys-dvisvgm4ht.def

(/usr/local/texlive/2021/texmf-dist/tex/generic/pgf/systemlayer/pgfsys-dvisvgm4
ht.def
File: pgfsys-dvisvgm4ht.def 2021/05/15 v3.1.9a (3.1.9a)

(/usr/local/texlive/2021/texmf-dist/tex/generic/pgf/systemlayer/pgfsys-dvips.de
f
File: pgfsys-dvips.def 2021/05/15 v3.1.9a (3.1.9a)

(/usr/local/texlive/2021/texmf-dist/tex/generic/pgf/systemlayer/pgfsys-common-p
ostscript.def
File: pgfsys-common-postscript.def 2021/05/15 v3.1.9a (3.1.9a)
\pgf@objectcount=\count498
))))
(/usr/local/texlive/2021/texmf-dist/tex/generic/pgf/systemlayer/pgfsyssoftpath.
code.tex
File: pgfsyssoftpath.code.tex 2021/05/15 v3.1.9a (3.1.9a)
\pgfsyssoftpath@smallbuffer@items=\count499
\pgfsyssoftpath@bigbuffer@items=\count500
)
(/usr/local/texlive/2021/texmf-dist/tex/generic/pgf/systemlayer/pgfsysprotocol.
code.tex
File: pgfsysprotocol.code.tex 2021/05/15 v3.1.9a (3.1.9a)
)) (/usr/local/texlive/2021/texmf-dist/tex/generic/tex4ht/xcolor-hooks.4ht
version 2020-10-17-13:53
)
(/usr/local/texlive/2021/texmf-dist/tex/generic/pgf/basiclayer/pgfcore.code.tex
Package: pgfcore 2021/05/15 v3.1.9a (3.1.9a)
(/usr/local/texlive/2021/texmf-dist/tex/generic/pgf/math/pgfmath.code.tex (/usr
/local/texlive/2021/texmf-dist/tex/generic/pgf/math/pgfmathcalc.code.tex (/usr/
local/texlive/2021/texmf-dist/tex/generic/pgf/math/pgfmathutil.code.tex)
(/usr/local/texlive/2021/texmf-dist/tex/generic/pgf/math/pgfmathparser.code.tex
\pgfmath@dimen=\dimen271
\pgfmath@count=\count501
\pgfmath@box=\box105
\pgfmath@toks=\toks43
\pgfmath@stack@operand=\toks44
\pgfmath@stack@operation=\toks45
)
(/usr/local/texlive/2021/texmf-dist/tex/generic/pgf/math/pgfmathfunctions.code.
tex
(/usr/local/texlive/2021/texmf-dist/tex/generic/pgf/math/pgfmathfunctions.basic
.code.tex)
(/usr/local/texlive/2021/texmf-dist/tex/generic/pgf/math/pgfmathfunctions.trigo
nometric.code.tex)
(/usr/local/texlive/2021/texmf-dist/tex/generic/pgf/math/pgfmathfunctions.rando
m.code.tex)
(/usr/local/texlive/2021/texmf-dist/tex/generic/pgf/math/pgfmathfunctions.compa
rison.code.tex)
(/usr/local/texlive/2021/texmf-dist/tex/generic/pgf/math/pgfmathfunctions.base.
code.tex)
(/usr/local/texlive/2021/texmf-dist/tex/generic/pgf/math/pgfmathfunctions.round
.code.tex)
(/usr/local/texlive/2021/texmf-dist/tex/generic/pgf/math/pgfmathfunctions.misc.
code.tex)
(/usr/local/texlive/2021/texmf-dist/tex/generic/pgf/math/pgfmathfunctions.integ
erarithmetics.code.tex))) (/usr/local/texlive/2021/texmf-dist/tex/generic/pgf/m
ath/pgfmathfloat.code.tex
\c@pgfmathroundto@lastzeros=\count502
)) (/usr/local/texlive/2021/texmf-dist/tex/generic/pgf/math/pgfint.code.tex)
(/usr/local/texlive/2021/texmf-dist/tex/generic/pgf/basiclayer/pgfcorepoints.co
de.tex
File: pgfcorepoints.code.tex 2021/05/15 v3.1.9a (3.1.9a)
\pgf@picminx=\dimen272
\pgf@picmaxx=\dimen273
\pgf@picminy=\dimen274
\pgf@picmaxy=\dimen275
\pgf@pathminx=\dimen276
\pgf@pathmaxx=\dimen277
\pgf@pathminy=\dimen278
\pgf@pathmaxy=\dimen279
\pgf@xx=\dimen280
\pgf@xy=\dimen281
\pgf@yx=\dimen282
\pgf@yy=\dimen283
\pgf@zx=\dimen284
\pgf@zy=\dimen285
)
(/usr/local/texlive/2021/texmf-dist/tex/generic/pgf/basiclayer/pgfcorepathconst
ruct.code.tex
File: pgfcorepathconstruct.code.tex 2021/05/15 v3.1.9a (3.1.9a)
\pgf@path@lastx=\dimen286
\pgf@path@lasty=\dimen287
)
(/usr/local/texlive/2021/texmf-dist/tex/generic/pgf/basiclayer/pgfcorepathusage
.code.tex
File: pgfcorepathusage.code.tex 2021/05/15 v3.1.9a (3.1.9a)
\pgf@shorten@end@additional=\dimen288
\pgf@shorten@start@additional=\dimen289
)
(/usr/local/texlive/2021/texmf-dist/tex/generic/pgf/basiclayer/pgfcorescopes.co
de.tex
File: pgfcorescopes.code.tex 2021/05/15 v3.1.9a (3.1.9a)
\pgfpic=\box106
\pgf@hbox=\box107
\pgf@layerbox@main=\box108
\pgf@picture@serial@count=\count503
)
(/usr/local/texlive/2021/texmf-dist/tex/generic/pgf/basiclayer/pgfcoregraphicst
ate.code.tex
File: pgfcoregraphicstate.code.tex 2021/05/15 v3.1.9a (3.1.9a)
\pgflinewidth=\dimen290
)
(/usr/local/texlive/2021/texmf-dist/tex/generic/pgf/basiclayer/pgfcoretransform
ations.code.tex
File: pgfcoretransformations.code.tex 2021/05/15 v3.1.9a (3.1.9a)
\pgf@pt@x=\dimen291
\pgf@pt@y=\dimen292
\pgf@pt@temp=\dimen293
)
(/usr/local/texlive/2021/texmf-dist/tex/generic/pgf/basiclayer/pgfcorequick.cod
e.tex
File: pgfcorequick.code.tex 2021/05/15 v3.1.9a (3.1.9a)
)
(/usr/local/texlive/2021/texmf-dist/tex/generic/pgf/basiclayer/pgfcoreobjects.c
ode.tex
File: pgfcoreobjects.code.tex 2021/05/15 v3.1.9a (3.1.9a)
)
(/usr/local/texlive/2021/texmf-dist/tex/generic/pgf/basiclayer/pgfcorepathproce
ssing.code.tex
File: pgfcorepathprocessing.code.tex 2021/05/15 v3.1.9a (3.1.9a)
)
(/usr/local/texlive/2021/texmf-dist/tex/generic/pgf/basiclayer/pgfcorearrows.co
de.tex
File: pgfcorearrows.code.tex 2021/05/15 v3.1.9a (3.1.9a)
\pgfarrowsep=\dimen294
)
(/usr/local/texlive/2021/texmf-dist/tex/generic/pgf/basiclayer/pgfcoreshade.cod
e.tex
File: pgfcoreshade.code.tex 2021/05/15 v3.1.9a (3.1.9a)
\pgf@max=\dimen295
\pgf@sys@shading@range@num=\count504
\pgf@shadingcount=\count505
)
(/usr/local/texlive/2021/texmf-dist/tex/generic/pgf/basiclayer/pgfcoreimage.cod
e.tex
File: pgfcoreimage.code.tex 2021/05/15 v3.1.9a (3.1.9a)

(/usr/local/texlive/2021/texmf-dist/tex/generic/pgf/basiclayer/pgfcoreexternal.
code.tex
File: pgfcoreexternal.code.tex 2021/05/15 v3.1.9a (3.1.9a)
\pgfexternal@startupbox=\box109
))
(/usr/local/texlive/2021/texmf-dist/tex/generic/pgf/basiclayer/pgfcorelayers.co
de.tex
File: pgfcorelayers.code.tex 2021/05/15 v3.1.9a (3.1.9a)
)
(/usr/local/texlive/2021/texmf-dist/tex/generic/pgf/basiclayer/pgfcoretranspare
ncy.code.tex
File: pgfcoretransparency.code.tex 2021/05/15 v3.1.9a (3.1.9a)
)
(/usr/local/texlive/2021/texmf-dist/tex/generic/pgf/basiclayer/pgfcorepatterns.
code.tex
File: pgfcorepatterns.code.tex 2021/05/15 v3.1.9a (3.1.9a)
)
(/usr/local/texlive/2021/texmf-dist/tex/generic/pgf/basiclayer/pgfcorerdf.code.
tex
File: pgfcorerdf.code.tex 2021/05/15 v3.1.9a (3.1.9a)
)))
(/usr/local/texlive/2021/texmf-dist/tex/generic/pgf/modules/pgfmoduleshapes.cod
e.tex
File: pgfmoduleshapes.code.tex 2021/05/15 v3.1.9a (3.1.9a)
\pgfnodeparttextbox=\box110
)
(/usr/local/texlive/2021/texmf-dist/tex/generic/pgf/modules/pgfmoduleplot.code.
tex
File: pgfmoduleplot.code.tex 2021/05/15 v3.1.9a (3.1.9a)
)
(/usr/local/texlive/2021/texmf-dist/tex/latex/pgf/compatibility/pgfcomp-version
-0-65.sty
Package: pgfcomp-version-0-65 2021/05/15 v3.1.9a (3.1.9a)
\pgf@nodesepstart=\dimen296
\pgf@nodesepend=\dimen297
)
(/usr/local/texlive/2021/texmf-dist/tex/latex/pgf/compatibility/pgfcomp-version
-1-18.sty
Package: pgfcomp-version-1-18 2021/05/15 v3.1.9a (3.1.9a)
)) (/usr/local/texlive/2021/texmf-dist/tex/latex/pgf/utilities/pgffor.sty (/usr
/local/texlive/2021/texmf-dist/tex/latex/pgf/utilities/pgfkeys.sty (/usr/local/
texlive/2021/texmf-dist/tex/generic/pgf/utilities/pgfkeys.code.tex)) (/usr/loca
l/texlive/2021/texmf-dist/tex/latex/pgf/math/pgfmath.sty (/usr/local/texlive/20
21/texmf-dist/tex/generic/pgf/math/pgfmath.code.tex)) (/usr/local/texlive/2021/
texmf-dist/tex/generic/pgf/utilities/pgffor.code.tex
Package: pgffor 2021/05/15 v3.1.9a (3.1.9a)
(/usr/local/texlive/2021/texmf-dist/tex/generic/pgf/math/pgfmath.code.tex)
\pgffor@iter=\dimen298
\pgffor@skip=\dimen299
\pgffor@stack=\toks46
\pgffor@toks=\toks47
))
(/usr/local/texlive/2021/texmf-dist/tex/generic/pgf/frontendlayer/tikz/tikz.cod
e.tex
Package: tikz 2021/05/15 v3.1.9a (3.1.9a)

(/usr/local/texlive/2021/texmf-dist/tex/generic/pgf/libraries/pgflibraryplothan
dlers.code.tex
File: pgflibraryplothandlers.code.tex 2021/05/15 v3.1.9a (3.1.9a)
\pgf@plot@mark@count=\count506
\pgfplotmarksize=\dimen300
)
\tikz@lastx=\dimen301
\tikz@lasty=\dimen302
\tikz@lastxsaved=\dimen303
\tikz@lastysaved=\dimen304
\tikz@lastmovetox=\dimen305
\tikz@lastmovetoy=\dimen306
\tikzleveldistance=\dimen307
\tikzsiblingdistance=\dimen308
\tikz@figbox=\box111
\tikz@figbox@bg=\box112
\tikz@tempbox=\box113
\tikz@tempbox@bg=\box114
\tikztreelevel=\count507
\tikznumberofchildren=\count508
\tikznumberofcurrentchild=\count509
\tikz@fig@count=\count510

(/usr/local/texlive/2021/texmf-dist/tex/generic/pgf/modules/pgfmodulematrix.cod
e.tex
File: pgfmodulematrix.code.tex 2021/05/15 v3.1.9a (3.1.9a)
\pgfmatrixcurrentrow=\count511
\pgfmatrixcurrentcolumn=\count512
\pgf@matrix@numberofcolumns=\count513
)
\tikz@expandcount=\count514

(/usr/local/texlive/2021/texmf-dist/tex/generic/pgf/frontendlayer/tikz/librarie
s/tikzlibrarytopaths.code.tex
File: tikzlibrarytopaths.code.tex 2021/05/15 v3.1.9a (3.1.9a)
)))
(/usr/local/texlive/2021/texmf-dist/tex/generic/pgf/frontendlayer/tikz/librarie
s/tikzlibrarybackgrounds.code.tex
File: tikzlibrarybackgrounds.code.tex 2021/05/15 v3.1.9a (3.1.9a)
\pgf@layerbox@background=\box115
\pgf@layerboxsaved@background=\box116
)
(/usr/local/texlive/2021/texmf-dist/tex/generic/pgf/frontendlayer/tikz/librarie
s/tikzlibrarycalc.code.tex
File: tikzlibrarycalc.code.tex 2021/05/15 v3.1.9a (3.1.9a)
)
(/usr/local/texlive/2021/texmf-dist/tex/generic/pgf/frontendlayer/tikz/librarie
s/tikzlibraryshadows.code.tex
File: tikzlibraryshadows.code.tex 2021/05/15 v3.1.9a (3.1.9a)

(/usr/local/texlive/2021/texmf-dist/tex/generic/pgf/frontendlayer/tikz/librarie
s/tikzlibraryfadings.code.tex
File: tikzlibraryfadings.code.tex 2021/05/15 v3.1.9a (3.1.9a)

(/usr/local/texlive/2021/texmf-dist/tex/generic/pgf/libraries/pgflibraryfadings
.code.tex
File: pgflibraryfadings.code.tex 2021/05/15 v3.1.9a (3.1.9a)
)))
(/usr/local/texlive/2021/texmf-dist/tex/generic/pgf/frontendlayer/tikz/librarie
s/tikzlibrarypositioning.code.tex
File: tikzlibrarypositioning.code.tex 2021/05/15 v3.1.9a (3.1.9a)
)
(/usr/local/texlive/2021/texmf-dist/tex/generic/pgf/frontendlayer/tikz/librarie
s/tikzlibraryfit.code.tex
File: tikzlibraryfit.code.tex 2021/05/15 v3.1.9a (3.1.9a)
) (/usr/local/texlive/2021/texmf-dist/tex/latex/titlesec/titlesec.sty
Package: titlesec 2021/07/05 v2.14 Sectioning titles
\ttl@box=\box117
\beforetitleunit=\skip87
\aftertitleunit=\skip88
\ttl@plus=\dimen309
\ttl@minus=\dimen310
\ttl@toksa=\toks48
\titlewidth=\dimen311
\titlewidthlast=\dimen312
\titlewidthfirst=\dimen313
(/usr/local/texlive/2021/texmf-dist/tex/latex/titlesec/titleps.sty)) (/usr/loca
l/texlive/2021/texmf-dist/tex/latex/apptools/apptools.sty
Package: apptools 2012/11/28 v1.0 Tools for customizing appendices
) (/usr/local/texlive/2021/texmf-dist/tex/latex/psnfss/pifont.sty
Package: pifont 2020/03/25 PSNFSS-v9.3 Pi font support (SPQR) 
LaTeX Font Info:    Trying to load font information for U+pzd on input line 63.

(/usr/local/texlive/2021/texmf-dist/tex/latex/psnfss/upzd.fd
File: upzd.fd 2001/06/04 font definitions for U/pzd.
)
LaTeX Font Info:    Trying to load font information for U+psy on input line 64.

(/usr/local/texlive/2021/texmf-dist/tex/latex/psnfss/upsy.fd
File: upsy.fd 2001/06/04 font definitions for U/psy.
)) (/usr/local/texlive/2021/texmf-dist/tex/latex/manfnt/manfnt.sty
Package: manfnt 1999/07/010.2LaTeX2e manfnt package
\dbend@height=\skip89
) (/usr/local/texlive/2021/texmf-dist/tex/latex/bbding/bbding.sty
Package: bbding 1999/04/15 v1.01 Dingbats symbols
) (/usr/local/texlive/2021/texmf-dist/tex/latex/tcolorbox/tcolorbox.sty
Package: tcolorbox 2021/06/14 version 4.51 text color boxes
(/usr/local/texlive/2021/texmf-dist/tex/latex/tools/verbatim.sty
Package: verbatim 2020-07-07 v1.5u LaTeX2e package for verbatim enhancements
\every@verbatim=\toks49
\verbatim@line=\toks50
\verbatim@in@stream=\read6
) (/usr/local/texlive/2021/texmf-dist/tex/latex/environ/environ.sty
Package: environ 2014/05/04 v0.3 A new way to define environments
(/usr/local/texlive/2021/texmf-dist/tex/latex/trimspaces/trimspaces.sty
Package: trimspaces 2009/09/17 v1.1 Trim spaces around a token list
))
\tcb@titlebox=\box118
\tcb@upperbox=\box119
\tcb@lowerbox=\box120
\tcb@phantombox=\box121
\c@tcbbreakpart=\count515
\c@tcblayer=\count516
\c@tcolorbox@number=\count517
\tcb@temp=\box122
\tcb@temp=\box123
\tcb@temp=\box124
\tcb@temp=\box125
(/usr/local/texlive/2021/texmf-dist/tex/latex/tcolorbox/tcbraster.code.tex
Library (tcolorbox): 'tcbraster.code.tex' version '4.51'
\c@tcbrastercolumn=\count518
\c@tcbrasterrow=\count519
\c@tcbrasternum=\count520
\c@tcbraster=\count521
) (/usr/local/texlive/2021/texmf-dist/tex/latex/tcolorbox/tcbskins.code.tex
Library (tcolorbox): 'tcbskins.code.tex' version '4.51'
(/usr/local/texlive/2021/texmf-dist/tex/generic/tex4ht/tikz-hooks.4ht
version 2021-04-16-13:27
)
\tcb@waterbox=\box126

(/usr/local/texlive/2021/texmf-dist/tex/latex/tcolorbox/tcbskinsjigsaw.code.tex
Library (tcolorbox): 'tcbskinsjigsaw.code.tex' version '4.51'
)) (/usr/local/texlive/2021/texmf-dist/tex/latex/tcolorbox/tcbbreakable.code.te
x
Library (tcolorbox): 'tcbbreakable.code.tex' version '4.51'
(/usr/local/texlive/2021/texmf-dist/tex/generic/oberdiek/pdfcol.sty
Package: pdfcol 2019/12/29 v1.6 Handle new color stacks for pdfTeX (HO)
Package pdfcol Info: Interface disabled because of missing PDF mode of pdfTeX.
)
Package pdfcol Info: pdfTeX's color stacks are not available.
\tcb@testbox=\box127
\tcb@totalupperbox=\box128
\tcb@totallowerbox=\box129
) (/usr/local/texlive/2021/texmf-dist/tex/latex/tcolorbox/tcbhooks.code.tex
Library (tcolorbox): 'tcbhooks.code.tex' version '4.51'
) (/usr/local/texlive/2021/texmf-dist/tex/latex/tcolorbox/tcbtheorems.code.tex
Library (tcolorbox): 'tcbtheorems.code.tex' version '4.51'
) (/usr/local/texlive/2021/texmf-dist/tex/latex/tcolorbox/tcbfitting.code.tex
Library (tcolorbox): 'tcbfitting.code.tex' version '4.51'
\tcbfitdim=\dimen314
\tcb@lowerfitdim=\dimen315
\tcb@upperfitdim=\dimen316
\tcb@cur@hbadness=\count522
) (/usr/local/texlive/2021/texmf-dist/tex/latex/tcolorbox/tcbxparse.code.tex
Library (tcolorbox): 'tcbxparse.code.tex' version '4.51'
))
\c@tcb@cnt@definition=\count523
\c@tcb@cnt@theorem=\count524
\c@tcb@cnt@postulate=\count525
\c@tcb@cnt@axiom=\count526
\c@tcb@cnt@corollary=\count527
\c@tcb@cnt@lemma=\count528
\c@tcb@cnt@proposition=\count529
\c@exam=\count530
\c@exer=\count531
\c@prob=\count532
(/usr/local/texlive/2021/texmf-dist/tex/latex/adforn/adforn.sty
Package: adforn 2019/10/13 v1.1b adforn CFR
LaTeX Font Info:    Trying to load font information for U+OrnementsADF on input
 line 4.
(/usr/local/texlive/2021/texmf-dist/tex/latex/adforn/uornementsadf.fd)) (/usr/l
ocal/texlive/2021/texmf-dist/tex/generic/tex4ht/fancyhdr-hooks.4ht
version 2020-10-17-13:53
) (/usr/local/texlive/2021/texmf-dist/tex/latex/fancyhdr/fancyhdr.sty
Package: fancyhdr 2021/01/28 v4.0.1 Extensive control of page headers and foote
rs
\f@nch@headwidth=\skip90
\f@nch@O@elh=\skip91
\f@nch@O@erh=\skip92
\f@nch@O@olh=\skip93
\f@nch@O@orh=\skip94
\f@nch@O@elf=\skip95
\f@nch@O@erf=\skip96
\f@nch@O@olf=\skip97
\f@nch@O@orf=\skip98
) (/usr/local/texlive/2021/texmf-dist/tex/latex/listings/listings.sty
\lst@mode=\count533
\lst@gtempboxa=\box130
\lst@token=\toks51
\lst@length=\count534
\lst@currlwidth=\dimen317
\lst@column=\count535
\lst@pos=\count536
\lst@lostspace=\dimen318
\lst@width=\dimen319
\lst@newlines=\count537
\lst@lineno=\count538
\lst@maxwidth=\dimen320
(/usr/local/texlive/2021/texmf-dist/tex/latex/listings/lstmisc.sty
File: lstmisc.sty 2020/03/24 1.8d (Carsten Heinz)
\c@lstnumber=\count539
\lst@skipnumbers=\count540
\lst@framebox=\box131
) (/usr/local/texlive/2021/texmf-dist/tex/latex/listings/listings.cfg
File: listings.cfg 2020/03/24 1.8d listings configuration
))
Package: listings 2020/03/24 1.8d (Carsten Heinz)
(/usr/local/texlive/2021/texmf-dist/tex/latex/listings/lstlang1.sty
File: lstlang1.sty 2020/03/24 1.8d listings language file
) (/usr/local/texlive/2021/texmf-dist/tex/latex/listings/lstlang2.sty
File: lstlang2.sty 2020/03/24 1.8d listings language file
) (/usr/local/texlive/2021/texmf-dist/tex/latex/listings/lstlang3.sty
File: lstlang3.sty 2020/03/24 1.8d listings language file
) (/usr/local/texlive/2021/texmf-dist/tex/latex/listings/lstlang1.sty
File: lstlang1.sty 2020/03/24 1.8d listings language file
) (/usr/local/texlive/2021/texmf-dist/tex/latex/listings/lstlang2.sty
File: lstlang2.sty 2020/03/24 1.8d listings language file
) (/usr/local/texlive/2021/texmf-dist/tex/latex/listings/lstlang3.sty
File: lstlang3.sty 2020/03/24 1.8d listings language file
) (/usr/local/texlive/2021/texmf-dist/tex/latex/listings/lstlang1.sty
File: lstlang1.sty 2020/03/24 1.8d listings language file
) (/usr/local/texlive/2021/texmf-dist/tex/latex/listings/lstlang2.sty
File: lstlang2.sty 2020/03/24 1.8d listings language file
) (/usr/local/texlive/2021/texmf-dist/tex/latex/listings/lstlang3.sty
File: lstlang3.sty 2020/03/24 1.8d listings language file
) (/usr/local/texlive/2021/texmf-dist/tex/latex/listings/lstmisc.sty
File: lstmisc.sty 2020/03/24 1.8d (Carsten Heinz)
) (/usr/local/texlive/2021/texmf-dist/tex/latex/tools/bm.sty
Package: bm 2021/04/25 v1.2e Bold Symbol Support (DPC/FMi)
Package bm Info: No bold for \U/esint/m/n, using \pmb.
Package bm Info: No bold for \OMX/cmex/m/n, using \pmb.
Package bm Info: No bold for \U/rsfs/m/n, using \pmb.
Package bm Info: No bold for \U/msa/m/n, using \pmb.
Package bm Info: No bold for \U/msb/m/n, using \pmb.
)) (/usr/local/texlive/2021/texmf-dist/tex/latex/tools/longtable.sty
Package: longtable 2021-05-07 v4.16 Multi-page Table package (DPC)
\LTleft=\skip99
\LTright=\skip100
\LTpre=\skip101
\LTpost=\skip102
\LTchunksize=\count541
\LTcapwidth=\dimen321
\LT@head=\box132
\LT@firsthead=\box133
\LT@foot=\box134
\LT@lastfoot=\box135
\LT@gbox=\box136
\LT@cols=\count542
\LT@rows=\count543
\c@LT@tables=\count544
\c@LT@chunks=\count545
\LT@p@ftn=\toks52
)
(/usr/local/texlive/2021/texmf-dist/tex/latex/threeparttable/threeparttable.sty
Package: threeparttable 2003/06/13  v 3.0
\@tempboxb=\box137
) (/usr/local/texlive/2021/texmf-dist/tex/generic/tex4ht/tex4ht.4ht
version 2021-06-20-15:33
--------------------------------------
--- Note --- for additional information, use the command line option `info'
--------------------------------------
::::::::::::::::::::::::::::::::::::::::::
 TeX4ht info is available in the log file 
::::::::::::::::::::::::::::::::::::::::::
) (/usr/local/texlive/2021/texmf-dist/tex/generic/tex4ht/tex4ht.sty
version 2021-03-06-13:30
l.855 --- TeX4ht warning --- nonprimitive \everypar ---
--- needs --- tex4ht AppliedEconometrics ---
\tmp:cnt=\count546
\openout15 = `AppliedEconometrics.tmp'.

(./AppliedEconometrics.tmp)
\tmp:dim=\skip103
(./AppliedEconometrics.xref)
\:refout=\write7
\openout7 = `AppliedEconometrics.xref'.

(/usr/local/texlive/2021/texmf-dist/tex/generic/tex4ht/html4.4ht
version 2021-06-17-14:38
--------------------------------------
--- Note --- to remove the <?xml version=...?> processing instruction use the c
ommand line option `no-VERSION'
--------------------------------------
--------------------------------------
--- Note --- to remove the DOCTYPE declaration use the command line option `no-
DOCTYPE'
--------------------------------------
) (/usr/local/texlive/2021/texmf-dist/tex/generic/tex4ht/unicode.4ht
version 2021-06-19-14:11
) (/usr/local/texlive/2021/texmf-dist/tex/generic/tex4ht/html4-math.4ht
version 2021-04-16-13:27
) (/usr/local/texlive/2021/texmf-dist/tex/generic/tex4ht/html5.4ht
version 2021-06-13-08:45
)
--------------------------------------
--- Note --- for marking of the base font, use the command line option `fonts+'

--------------------------------------
--------------------------------------
--- Note --- for non active _, use the command line option `no_'
--------------------------------------
--------------------------------------
--- Note --- for _ of catcode 13, use the command line option `_13'
--------------------------------------
--------------------------------------
--- Note --- for non active ^, use the command line option `no^'
--------------------------------------
--------------------------------------
--- Note --- for ^ of catcode 13, use the command line option `^13'
--------------------------------------
(/usr/local/texlive/2021/texmf-dist/tex/generic/tex4ht/html4.4ht
version 2021-06-17-14:38
--------------------------------------
--- Note --- to ignore CSS font decoration, use the `NoFonts' command line opti
on
--------------------------------------
--------------------------------------
--- Note --- for jpg bitmaps of pictures, use the `jpg' command line option. (C
haracter bitmaps are controled only by `g' records of tex4ht.env and `-g' switc
hes of tex4ht.c) 
--------------------------------------
--------------------------------------
--- Note --- for gif bitmaps of pictures, use the `gif' command line option. (C
haracter bitmaps are controled only by `g' records of tex4ht.env and `-g' switc
hes of tex4ht.c) 
--------------------------------------
--------------------------------------
--- Note --- for content and toc in 2 frames, use the command line option `fram
es'
--------------------------------------
--------------------------------------
--- Note --- for content, toc, and footnotes in 3 frames, use the command line 
option `frames-fn'
--------------------------------------
--------------------------------------
--- Note --- for file extension name xht, use the command line option `xht'
--------------------------------------
TeX4ht package options: xhtml,charset=utf-8,html5,html,htex4ht
--------------------------------------
--- Note --- To print a timestamp, use the command line option timestamp
--------------------------------------
--------------------------------------
--- Note --- to ignore CSS code, use the command line option `-css
--------------------------------------
--------------------------------------
--- Note --- for inline CSS code, use the command line option `css-in'
--------------------------------------
--------------------------------------
--- Note --- for pop ups on mouse over, use the command line option `mouseover'

--------------------------------------
--------------------------------------
--- Note --- for addressing images in a subdirectory, use the command line opti
on `imgdir:.../'
--------------------------------------
) (/usr/local/texlive/2021/texmf-dist/tex/generic/tex4ht/unicode.4ht
version 2021-06-19-14:11
) (/usr/local/texlive/2021/texmf-dist/tex/generic/tex4ht/html4-math.4ht
version 2021-04-16-13:27
) (/usr/local/texlive/2021/texmf-dist/tex/generic/tex4ht/html5.4ht
version 2021-06-13-08:45
--------------------------------------
--- Note --- To print a timestamp, use the command line option timestamp
--------------------------------------
)
\:tokwrite=\toks53
\:tokpage=\toks54
--------------------------------------
--- Note --- for back links to toc, use the command line option `sections+'
--------------------------------------
--------------------------------------
--- Note --- for linear crosslinks of pages, use the command line option `next'

--------------------------------------
\openout15 = `AppliedEconometrics.4ct'.

\:tocout=\write8
\openout8 = `AppliedEconometrics.4tc'.

(/usr/local/texlive/2021/texmf-dist/tex/generic/tex4ht/html4.4ht
version 2021-06-17-14:38
) (/usr/local/texlive/2021/texmf-dist/tex/generic/tex4ht/unicode.4ht
version 2021-06-19-14:11
) (/usr/local/texlive/2021/texmf-dist/tex/generic/tex4ht/html4-math.4ht
version 2021-04-16-13:27
) (/usr/local/texlive/2021/texmf-dist/tex/generic/tex4ht/html5.4ht
version 2021-06-13-08:45
) (/usr/local/texlive/2021/texmf-dist/tex/generic/tex4ht/latex.4ht
version 2021-06-25-13:51
LaTeX Info: Redefining \_ on input line 173.
LaTeX Info: Redefining \, on input line 792.
LaTeX Info: Redefining \; on input line 793.
LaTeX Info: Redefining \! on input line 794.
LaTeX Info: Redefining \: on input line 795.
LaTeX Info: Redefining \> on input line 796.
--------------------------------------
--- Note --- for links into captions, instead of float heads, use the command l
ine option `refcaption'
--------------------------------------
(/usr/local/texlive/2021/texmf-dist/tex/generic/tex4ht/html4.4ht
version 2021-06-17-14:38
) (/usr/local/texlive/2021/texmf-dist/tex/generic/tex4ht/unicode.4ht
version 2021-06-19-14:11
) (/usr/local/texlive/2021/texmf-dist/tex/generic/tex4ht/html4-math.4ht
version 2021-04-16-13:27
) (/usr/local/texlive/2021/texmf-dist/tex/generic/tex4ht/html5.4ht
version 2021-06-13-08:45
) (/usr/local/texlive/2021/texmf-dist/tex/generic/tex4ht/html4.4ht
version 2021-06-17-14:38
--------------------------------------
--- Note --- For mini tocs immediately aftter the header use the command line o
ption `minitoc<'
--------------------------------------
--------------------------------------
--- Note --- for enumerated list elements with valued data, use the command lin
e option `enumerate+'
--------------------------------------
--------------------------------------
--- Note --- for enumerated list elements li's with value attributes, use the c
ommand line option `enumerate-'
--------------------------------------
--------------------------------------
--- Note --- for CSS2 code, use the command line option `css2'
--------------------------------------
--------------------------------------
--- Note --- for pictorial tabular, use the command line option `pic-tabular'
--------------------------------------
--------------------------------------
--- Note --- for bitmap fbox'es, use the command line option `pic-fbox'
--------------------------------------
--------------------------------------
--- Note --- for bitmap framebox'es, use the command line option `pic-framebox'

--------------------------------------
--------------------------------------
--- Note --- for inline footnotes use command line option `fn-in'
--------------------------------------
--------------------------------------
--- Note --- for tracing of latex font commands, use the command line option `f
onts'
--------------------------------------
--------------------------------------
--- Note --- for width specifications of tabular p entries, use the `p-width' c
ommand line option or a configuration similar to \Configure{HColWidth}{\HCode{ 
style="width:\HColWidth"}}
--------------------------------------
) (/usr/local/texlive/2021/texmf-dist/tex/generic/tex4ht/unicode.4ht
version 2021-06-19-14:11
) (/usr/local/texlive/2021/texmf-dist/tex/generic/tex4ht/html4-math.4ht
version 2021-04-16-13:27
--------------------------------------
--- Note --- for pictorial eqnarray, use the command line option `pic-eqnarray'

--------------------------------------
--------------------------------------
--- Note --- for pictorial array, use the command line option `pic-array'
--------------------------------------
--------------------------------------
--- Note --- for pictorial $...$ environments, use the command line option `pic
-m' (not recommended!!)
--------------------------------------
--------------------------------------
--- Note --- for pictorial $...$ and $$...$$ environments with latex alt, use t
he command line option `pic-m+' (not safe!!)
--------------------------------------
--------------------------------------
--- Note --- for pictorial array, use the command line option `pic-array'
--------------------------------------
) (/usr/local/texlive/2021/texmf-dist/tex/generic/tex4ht/html5.4ht
version 2021-06-13-08:45
)) (/usr/local/texlive/2021/texmf-dist/tex/generic/tex4ht/fontmath.4ht
version 2018-11-06-15:55
(/usr/local/texlive/2021/texmf-dist/tex/generic/tex4ht/html4.4ht
version 2021-06-17-14:38
) (/usr/local/texlive/2021/texmf-dist/tex/generic/tex4ht/unicode.4ht
version 2021-06-19-14:11
) (/usr/local/texlive/2021/texmf-dist/tex/generic/tex4ht/html4-math.4ht
version 2021-04-16-13:27
) (/usr/local/texlive/2021/texmf-dist/tex/generic/tex4ht/html5.4ht
version 2021-06-13-08:45
)) (/usr/local/texlive/2021/texmf-dist/tex/generic/tex4ht/array.4ht
version 2009-05-21-09:32
(/usr/local/texlive/2021/texmf-dist/tex/generic/tex4ht/html4.4ht
version 2021-06-17-14:38
) (/usr/local/texlive/2021/texmf-dist/tex/generic/tex4ht/unicode.4ht
version 2021-06-19-14:11
) (/usr/local/texlive/2021/texmf-dist/tex/generic/tex4ht/html4-math.4ht
version 2021-04-16-13:27
--------------------------------------
--- Note --- for pictorial array, use the command line option `pic-array'
--------------------------------------
) (/usr/local/texlive/2021/texmf-dist/tex/generic/tex4ht/html5.4ht
version 2021-06-13-08:45
)) (/usr/local/texlive/2021/texmf-dist/tex/generic/tex4ht/color.4ht
version 2021-05-23-15:14
(/usr/local/texlive/2021/texmf-dist/tex/generic/tex4ht/html4.4ht
version 2021-06-17-14:38
) (/usr/local/texlive/2021/texmf-dist/tex/generic/tex4ht/unicode.4ht
version 2021-06-19-14:11
) (/usr/local/texlive/2021/texmf-dist/tex/generic/tex4ht/html4-math.4ht
version 2021-04-16-13:27
) (/usr/local/texlive/2021/texmf-dist/tex/generic/tex4ht/html5.4ht
version 2021-06-13-08:45
)) (/usr/local/texlive/2021/texmf-dist/tex/generic/tex4ht/colortbl.4ht
version 2021-05-06-14:12
(/usr/local/texlive/2021/texmf-dist/tex/generic/tex4ht/xcolor-hooks.4ht
version 2020-10-17-13:53
) (/usr/local/texlive/2021/texmf-dist/tex/generic/tex4ht/html4.4ht
version 2021-06-17-14:38
) (/usr/local/texlive/2021/texmf-dist/tex/generic/tex4ht/unicode.4ht
version 2021-06-19-14:11
) (/usr/local/texlive/2021/texmf-dist/tex/generic/tex4ht/html4-math.4ht
version 2021-04-16-13:27
) (/usr/local/texlive/2021/texmf-dist/tex/generic/tex4ht/html5.4ht
version 2021-06-13-08:45
)) (/usr/local/texlive/2021/texmf-dist/tex/generic/tex4ht/book.4ht
version 2021-05-16-09:21
(/usr/local/texlive/2021/texmf-dist/tex/generic/tex4ht/html4.4ht
version 2021-06-17-14:38
--------------------------------------
--- Note --- for automatic sectioning pagination, use the command line option `
1', `2', `3', '4', '5', '6', or '7'
--------------------------------------
--------------------------------------
--- Note --- for files named derived from section titles, use the command line 
option `sec-filename'
--------------------------------------
--------------------------------------
--- Note --- for i-columns index, use the command line option `index=i' (e.g., 
index=2)
--------------------------------------
) (/usr/local/texlive/2021/texmf-dist/tex/generic/tex4ht/unicode.4ht
version 2021-06-19-14:11
) (/usr/local/texlive/2021/texmf-dist/tex/generic/tex4ht/html4-math.4ht
version 2021-04-16-13:27
) (/usr/local/texlive/2021/texmf-dist/tex/generic/tex4ht/html5.4ht
version 2021-06-13-08:45
)) (/usr/local/texlive/2021/texmf-dist/tex/generic/tex4ht/csquotes.4ht
version 2020-11-26-13:59
(/usr/local/texlive/2021/texmf-dist/tex/generic/tex4ht/html4.4ht
version 2021-06-17-14:38
) (/usr/local/texlive/2021/texmf-dist/tex/generic/tex4ht/unicode.4ht
version 2021-06-19-14:11
) (/usr/local/texlive/2021/texmf-dist/tex/generic/tex4ht/html4-math.4ht
version 2021-04-16-13:27
) (/usr/local/texlive/2021/texmf-dist/tex/generic/tex4ht/html5.4ht
version 2021-06-13-08:45
)) (/usr/local/texlive/2021/texmf-dist/tex/generic/tex4ht/hyperref.4ht
version 2021-05-16-13:57
LaTeX Info: Redefining \autoref on input line 88.
\Hy@SectionHShift=\skip104
(/usr/local/texlive/2021/texmf-dist/tex/latex/hyperref/nameref.sty
Package: nameref 2021-04-02 v2.47 Cross-referencing by name of section
(/usr/local/texlive/2021/texmf-dist/tex/latex/refcount/refcount.sty
Package: refcount 2019/12/15 v3.6 Data extraction from label references (HO)
)
(/usr/local/texlive/2021/texmf-dist/tex/generic/gettitlestring/gettitlestring.s
ty
Package: gettitlestring 2019/12/15 v1.6 Cleanup title references (HO)
)
\c@section@level=\count547
) (/usr/local/texlive/2021/texmf-dist/tex/generic/tex4ht/html4.4ht
version 2021-06-17-14:38
) (/usr/local/texlive/2021/texmf-dist/tex/generic/tex4ht/unicode.4ht
version 2021-06-19-14:11
) (/usr/local/texlive/2021/texmf-dist/tex/generic/tex4ht/html4-math.4ht
version 2021-04-16-13:27
) (/usr/local/texlive/2021/texmf-dist/tex/generic/tex4ht/html5.4ht
version 2021-06-13-08:45
)) (/usr/local/texlive/2021/texmf-dist/tex/generic/tex4ht/pd1enc.4ht
version 2009-05-21-09:32
(/usr/local/texlive/2021/texmf-dist/tex/generic/tex4ht/html4.4ht
version 2021-06-17-14:38
) (/usr/local/texlive/2021/texmf-dist/tex/generic/tex4ht/unicode.4ht
version 2021-06-19-14:11
) (/usr/local/texlive/2021/texmf-dist/tex/generic/tex4ht/html4-math.4ht
version 2021-04-16-13:27
) (/usr/local/texlive/2021/texmf-dist/tex/generic/tex4ht/html5.4ht
version 2021-06-13-08:45
)) (/usr/local/texlive/2021/texmf-dist/tex/generic/tex4ht/url.4ht
version 2009-05-21-09:32
(/usr/local/texlive/2021/texmf-dist/tex/generic/tex4ht/html4.4ht
version 2021-06-17-14:38
--------------------------------------
--- Note --- for URL encoding within href use the command line option `url-enc'

--------------------------------------
) (/usr/local/texlive/2021/texmf-dist/tex/generic/tex4ht/unicode.4ht
version 2021-06-19-14:11
) (/usr/local/texlive/2021/texmf-dist/tex/generic/tex4ht/html4-math.4ht
version 2021-04-16-13:27
) (/usr/local/texlive/2021/texmf-dist/tex/generic/tex4ht/html5.4ht
version 2021-06-13-08:45
)) (/usr/local/texlive/2021/texmf-dist/tex/generic/tex4ht/geometry.4ht
version 2016-07-01-08:55
(/usr/local/texlive/2021/texmf-dist/tex/generic/tex4ht/html4.4ht
version 2021-06-17-14:38
) (/usr/local/texlive/2021/texmf-dist/tex/generic/tex4ht/unicode.4ht
version 2021-06-19-14:11
) (/usr/local/texlive/2021/texmf-dist/tex/generic/tex4ht/html4-math.4ht
version 2021-04-16-13:27
) (/usr/local/texlive/2021/texmf-dist/tex/generic/tex4ht/html5.4ht
version 2021-06-13-08:45
)) (/usr/local/texlive/2021/texmf-dist/tex/generic/tex4ht/ctex.4ht
version 2020-07-13-13:39
(/usr/local/texlive/2021/texmf-dist/tex/generic/tex4ht/html4.4ht
version 2021-06-17-14:38
) (/usr/local/texlive/2021/texmf-dist/tex/generic/tex4ht/unicode.4ht
version 2021-06-19-14:11
) (/usr/local/texlive/2021/texmf-dist/tex/generic/tex4ht/html4-math.4ht
version 2021-04-16-13:27
) (/usr/local/texlive/2021/texmf-dist/tex/generic/tex4ht/html5.4ht
version 2021-06-13-08:45
)) (/usr/local/texlive/2021/texmf-dist/tex/generic/tex4ht/fontspec.4ht
version 2021-06-13-08:46
(/usr/local/texlive/2021/texmf-dist/tex/generic/tex4ht/html4.4ht
version 2021-06-17-14:38
) (/usr/local/texlive/2021/texmf-dist/tex/generic/tex4ht/unicode.4ht
version 2021-06-19-14:11
) (/usr/local/texlive/2021/texmf-dist/tex/generic/tex4ht/html4-math.4ht
version 2021-04-16-13:27
) (/usr/local/texlive/2021/texmf-dist/tex/generic/tex4ht/html5.4ht
version 2021-06-13-08:45
)) (/usr/local/texlive/2021/texmf-dist/tex/generic/tex4ht/fontspec-xetex.4ht
version 2017-01-24-15:21
(/usr/local/texlive/2021/texmf-dist/tex/generic/tex4ht/html4.4ht
version 2021-06-17-14:38
) (/usr/local/texlive/2021/texmf-dist/tex/generic/tex4ht/unicode.4ht
version 2021-06-19-14:11
) (/usr/local/texlive/2021/texmf-dist/tex/generic/tex4ht/html4-math.4ht
version 2021-04-16-13:27
) (/usr/local/texlive/2021/texmf-dist/tex/generic/tex4ht/html5.4ht
version 2021-06-13-08:45
)) (/usr/local/texlive/2021/texmf-dist/tex/generic/tex4ht/ifthen.4ht
version 2009-05-21-09:32
(/usr/local/texlive/2021/texmf-dist/tex/generic/tex4ht/html4.4ht
version 2021-06-17-14:38
) (/usr/local/texlive/2021/texmf-dist/tex/generic/tex4ht/unicode.4ht
version 2021-06-19-14:11
) (/usr/local/texlive/2021/texmf-dist/tex/generic/tex4ht/html4-math.4ht
version 2021-04-16-13:27
) (/usr/local/texlive/2021/texmf-dist/tex/generic/tex4ht/html5.4ht
version 2021-06-13-08:45
)) (/usr/local/texlive/2021/texmf-dist/tex/generic/tex4ht/amsmath.4ht
version 2019-12-29-14:17
\tmp:muskip=\muskip22
(/usr/local/texlive/2021/texmf-dist/tex/generic/tex4ht/html4.4ht
version 2021-06-17-14:38
) (/usr/local/texlive/2021/texmf-dist/tex/generic/tex4ht/unicode.4ht
version 2021-06-19-14:11
) (/usr/local/texlive/2021/texmf-dist/tex/generic/tex4ht/html4-math.4ht
version 2021-04-16-13:27
LaTeX Info: Redefining \[ on input line 504.
LaTeX Info: Redefining \] on input line 504.
) (/usr/local/texlive/2021/texmf-dist/tex/generic/tex4ht/html5.4ht
version 2021-06-13-08:45
)) (/usr/local/texlive/2021/texmf-dist/tex/generic/tex4ht/amstext.4ht
version 2009-05-21-09:32
(/usr/local/texlive/2021/texmf-dist/tex/generic/tex4ht/html4.4ht
version 2021-06-17-14:38
) (/usr/local/texlive/2021/texmf-dist/tex/generic/tex4ht/unicode.4ht
version 2021-06-19-14:11
) (/usr/local/texlive/2021/texmf-dist/tex/generic/tex4ht/html4-math.4ht
version 2021-04-16-13:27
) (/usr/local/texlive/2021/texmf-dist/tex/generic/tex4ht/html5.4ht
version 2021-06-13-08:45
)) (/usr/local/texlive/2021/texmf-dist/tex/generic/tex4ht/amsbsy.4ht
version 2009-05-21-09:32
(/usr/local/texlive/2021/texmf-dist/tex/generic/tex4ht/html4.4ht
version 2021-06-17-14:38
) (/usr/local/texlive/2021/texmf-dist/tex/generic/tex4ht/unicode.4ht
version 2021-06-19-14:11
) (/usr/local/texlive/2021/texmf-dist/tex/generic/tex4ht/html4-math.4ht
version 2021-04-16-13:27
) (/usr/local/texlive/2021/texmf-dist/tex/generic/tex4ht/html5.4ht
version 2021-06-13-08:45
)) (/usr/local/texlive/2021/texmf-dist/tex/generic/tex4ht/amsopn.4ht
version 2009-05-21-09:32
(/usr/local/texlive/2021/texmf-dist/tex/generic/tex4ht/html4.4ht
version 2021-06-17-14:38
) (/usr/local/texlive/2021/texmf-dist/tex/generic/tex4ht/unicode.4ht
version 2021-06-19-14:11
) (/usr/local/texlive/2021/texmf-dist/tex/generic/tex4ht/html4-math.4ht
version 2021-04-16-13:27
) (/usr/local/texlive/2021/texmf-dist/tex/generic/tex4ht/html5.4ht
version 2021-06-13-08:45
)) (/usr/local/texlive/2021/texmf-dist/tex/generic/tex4ht/xcolor.4ht
version 2019-04-09-10:06
(/usr/local/texlive/2021/texmf-dist/tex/generic/tex4ht/color.4ht
version 2021-05-23-15:14
) (/usr/local/texlive/2021/texmf-dist/tex/generic/tex4ht/html4.4ht
version 2021-06-17-14:38
) (/usr/local/texlive/2021/texmf-dist/tex/generic/tex4ht/unicode.4ht
version 2021-06-19-14:11
) (/usr/local/texlive/2021/texmf-dist/tex/generic/tex4ht/html4-math.4ht
version 2021-04-16-13:27
) (/usr/local/texlive/2021/texmf-dist/tex/generic/tex4ht/html5.4ht
version 2021-06-13-08:45
)) (/usr/local/texlive/2021/texmf-dist/tex/generic/tex4ht/dvips.4ht
version 2009-05-21-09:32
(/usr/local/texlive/2021/texmf-dist/tex/generic/tex4ht/html4.4ht
version 2021-06-17-14:38
) (/usr/local/texlive/2021/texmf-dist/tex/generic/tex4ht/unicode.4ht
version 2021-06-19-14:11
) (/usr/local/texlive/2021/texmf-dist/tex/generic/tex4ht/html4-math.4ht
version 2021-04-16-13:27
) (/usr/local/texlive/2021/texmf-dist/tex/generic/tex4ht/html5.4ht
version 2021-06-13-08:45
)) (/usr/local/texlive/2021/texmf-dist/tex/generic/tex4ht/graphicx.4ht
version 2018-10-01-14:24
(/usr/local/texlive/2021/texmf-dist/tex/generic/tex4ht/html4.4ht
version 2021-06-17-14:38
) (/usr/local/texlive/2021/texmf-dist/tex/generic/tex4ht/unicode.4ht
version 2021-06-19-14:11
) (/usr/local/texlive/2021/texmf-dist/tex/generic/tex4ht/html4-math.4ht
version 2021-04-16-13:27
) (/usr/local/texlive/2021/texmf-dist/tex/generic/tex4ht/html5.4ht
version 2021-06-13-08:45
)) (/usr/local/texlive/2021/texmf-dist/tex/generic/tex4ht/graphics.4ht
version 2021-06-13-08:46
(/usr/local/texlive/2021/texmf-dist/tex/generic/tex4ht/html4.4ht
version 2021-06-17-14:38
--------------------------------------
--- Note --- if included graphics are of degraded quality, try the command line
 options `graphics-num' or `graphics-'. The `num' should provide the density of
 pixels in the bitmaps (e.g., 110). 
--------------------------------------
--------------------------------------
--- Note --- for key dimensions try the option `Gin-dim'; for key dimensions wh
en bounding box is unavailable try `Gin-dim+'; neither is recommended
--------------------------------------
) (/usr/local/texlive/2021/texmf-dist/tex/generic/tex4ht/unicode.4ht
version 2021-06-19-14:11
) (/usr/local/texlive/2021/texmf-dist/tex/generic/tex4ht/html4-math.4ht
version 2021-04-16-13:27
) (/usr/local/texlive/2021/texmf-dist/tex/generic/tex4ht/html5.4ht
version 2021-06-13-08:45
)) (/usr/local/texlive/2021/texmf-dist/tex/generic/tex4ht/enumerate.4ht
version 2009-05-21-09:32
(/usr/local/texlive/2021/texmf-dist/tex/generic/tex4ht/html4.4ht
version 2021-06-17-14:38
) (/usr/local/texlive/2021/texmf-dist/tex/generic/tex4ht/unicode.4ht
version 2021-06-19-14:11
) (/usr/local/texlive/2021/texmf-dist/tex/generic/tex4ht/html4-math.4ht
version 2021-04-16-13:27
) (/usr/local/texlive/2021/texmf-dist/tex/generic/tex4ht/html5.4ht
version 2021-06-13-08:45
)) (/usr/local/texlive/2021/texmf-dist/tex/generic/tex4ht/enumitem.4ht
version 2009-05-21-09:32
(/usr/local/texlive/2021/texmf-dist/tex/generic/tex4ht/html4.4ht
version 2021-06-17-14:38
) (/usr/local/texlive/2021/texmf-dist/tex/generic/tex4ht/unicode.4ht
version 2021-06-19-14:11
) (/usr/local/texlive/2021/texmf-dist/tex/generic/tex4ht/html4-math.4ht
version 2021-04-16-13:27
) (/usr/local/texlive/2021/texmf-dist/tex/generic/tex4ht/html5.4ht
version 2021-06-13-08:45
)) (/usr/local/texlive/2021/texmf-dist/tex/generic/tex4ht/caption.4ht
version 2021-05-16-09:21
(/usr/local/texlive/2021/texmf-dist/tex/generic/tex4ht/html4.4ht
version 2021-06-17-14:38
) (/usr/local/texlive/2021/texmf-dist/tex/generic/tex4ht/unicode.4ht
version 2021-06-19-14:11
) (/usr/local/texlive/2021/texmf-dist/tex/generic/tex4ht/html4-math.4ht
version 2021-04-16-13:27
) (/usr/local/texlive/2021/texmf-dist/tex/generic/tex4ht/html5.4ht
version 2021-06-13-08:45
)) (/usr/local/texlive/2021/texmf-dist/tex/generic/tex4ht/amsfonts.4ht
version 2009-05-21-09:32
(/usr/local/texlive/2021/texmf-dist/tex/generic/tex4ht/html4.4ht
version 2021-06-17-14:38
) (/usr/local/texlive/2021/texmf-dist/tex/generic/tex4ht/unicode.4ht
version 2021-06-19-14:11
) (/usr/local/texlive/2021/texmf-dist/tex/generic/tex4ht/html4-math.4ht
version 2021-04-16-13:27
) (/usr/local/texlive/2021/texmf-dist/tex/generic/tex4ht/html5.4ht
version 2021-06-13-08:45
)) (/usr/local/texlive/2021/texmf-dist/tex/generic/tex4ht/amssymb.4ht
version 2009-05-21-09:32
(/usr/local/texlive/2021/texmf-dist/tex/generic/tex4ht/html4.4ht
version 2021-06-17-14:38
) (/usr/local/texlive/2021/texmf-dist/tex/generic/tex4ht/unicode.4ht
version 2021-06-19-14:11
) (/usr/local/texlive/2021/texmf-dist/tex/generic/tex4ht/html4-math.4ht
version 2021-04-16-13:27
) (/usr/local/texlive/2021/texmf-dist/tex/generic/tex4ht/html5.4ht
version 2021-06-13-08:45
)) (/usr/local/texlive/2021/texmf-dist/tex/generic/tex4ht/booktabs.4ht
version 2009-05-21-09:32
(/usr/local/texlive/2021/texmf-dist/tex/generic/tex4ht/html4.4ht
version 2021-06-17-14:38
) (/usr/local/texlive/2021/texmf-dist/tex/generic/tex4ht/unicode.4ht
version 2021-06-19-14:11
) (/usr/local/texlive/2021/texmf-dist/tex/generic/tex4ht/html4-math.4ht
version 2021-04-16-13:27
) (/usr/local/texlive/2021/texmf-dist/tex/generic/tex4ht/html5.4ht
version 2021-06-13-08:45
)) (/usr/local/texlive/2021/texmf-dist/tex/generic/tex4ht/multicol.4ht
version 2021-06-20-09:36
(/usr/local/texlive/2021/texmf-dist/tex/generic/tex4ht/html4.4ht
version 2021-06-17-14:38
) (/usr/local/texlive/2021/texmf-dist/tex/generic/tex4ht/unicode.4ht
version 2021-06-19-14:11
) (/usr/local/texlive/2021/texmf-dist/tex/generic/tex4ht/html4-math.4ht
version 2021-04-16-13:27
) (/usr/local/texlive/2021/texmf-dist/tex/generic/tex4ht/html5.4ht
version 2021-06-13-08:45
)) (/usr/local/texlive/2021/texmf-dist/tex/generic/tex4ht/multirow.4ht
version 2021-06-20-09:36
(/usr/local/texlive/2021/texmf-dist/tex/generic/tex4ht/html4.4ht
version 2021-06-17-14:38
) (/usr/local/texlive/2021/texmf-dist/tex/generic/tex4ht/unicode.4ht
version 2021-06-19-14:11
) (/usr/local/texlive/2021/texmf-dist/tex/generic/tex4ht/html4-math.4ht
version 2021-04-16-13:27
) (/usr/local/texlive/2021/texmf-dist/tex/generic/tex4ht/html5.4ht
version 2021-06-13-08:45
)) (/usr/local/texlive/2021/texmf-dist/tex/generic/tex4ht/fancyvrb.4ht
version 2021-06-06-09:18
(/usr/local/texlive/2021/texmf-dist/tex/generic/tex4ht/html4.4ht
version 2021-06-17-14:38
) (/usr/local/texlive/2021/texmf-dist/tex/generic/tex4ht/unicode.4ht
version 2021-06-19-14:11
) (/usr/local/texlive/2021/texmf-dist/tex/generic/tex4ht/html4-math.4ht
version 2021-04-16-13:27
) (/usr/local/texlive/2021/texmf-dist/tex/generic/tex4ht/html5.4ht
version 2021-06-13-08:45
)) (/usr/local/texlive/2021/texmf-dist/tex/generic/tex4ht/biblatex.4ht
version 2021-07-05-13:41
\sv:sec:cnt=\count548
\c@bib=\count549
LaTeX Info: Redefining \MakeUppercase on input line 211.
LaTeX Info: Redefining \MakeLowercase on input line 222.
\blx@unitmark=\skip105
(/usr/local/texlive/2021/texmf-dist/tex/generic/tex4ht/html4.4ht
version 2021-06-17-14:38
) (/usr/local/texlive/2021/texmf-dist/tex/generic/tex4ht/unicode.4ht
version 2021-06-19-14:11
) (/usr/local/texlive/2021/texmf-dist/tex/generic/tex4ht/html4-math.4ht
version 2021-04-16-13:27
) (/usr/local/texlive/2021/texmf-dist/tex/generic/tex4ht/html5.4ht
version 2021-06-13-08:45
)) (/usr/local/texlive/2021/texmf-dist/tex/generic/tex4ht/appendix.4ht
version 2019-10-24-10:36
(/usr/local/texlive/2021/texmf-dist/tex/generic/tex4ht/html4.4ht
version 2021-06-17-14:38
) (/usr/local/texlive/2021/texmf-dist/tex/generic/tex4ht/unicode.4ht
version 2021-06-19-14:11
) (/usr/local/texlive/2021/texmf-dist/tex/generic/tex4ht/html4-math.4ht
version 2021-04-16-13:27
) (/usr/local/texlive/2021/texmf-dist/tex/generic/tex4ht/html5.4ht
version 2021-06-13-08:45
)) (/usr/local/texlive/2021/texmf-dist/tex/generic/tex4ht/pgf.4ht
version 2009-05-21-09:32
(/usr/local/texlive/2021/texmf-dist/tex/generic/tex4ht/html4.4ht
version 2021-06-17-14:38
) (/usr/local/texlive/2021/texmf-dist/tex/generic/tex4ht/unicode.4ht
version 2021-06-19-14:11
) (/usr/local/texlive/2021/texmf-dist/tex/generic/tex4ht/html4-math.4ht
version 2021-04-16-13:27
) (/usr/local/texlive/2021/texmf-dist/tex/generic/tex4ht/html5.4ht
version 2021-06-13-08:45
)) (/usr/local/texlive/2021/texmf-dist/tex/generic/tex4ht/titlesec.4ht
version 2021-03-02-13:43
(/usr/local/texlive/2021/texmf-dist/tex/generic/tex4ht/html4.4ht
version 2021-06-17-14:38
) (/usr/local/texlive/2021/texmf-dist/tex/generic/tex4ht/unicode.4ht
version 2021-06-19-14:11
) (/usr/local/texlive/2021/texmf-dist/tex/generic/tex4ht/html4-math.4ht
version 2021-04-16-13:27
) (/usr/local/texlive/2021/texmf-dist/tex/generic/tex4ht/html5.4ht
version 2021-06-13-08:45
)) (/usr/local/texlive/2021/texmf-dist/tex/generic/tex4ht/pifont.4ht
version 2009-05-21-09:32
(/usr/local/texlive/2021/texmf-dist/tex/generic/tex4ht/html4.4ht
version 2021-06-17-14:38
) (/usr/local/texlive/2021/texmf-dist/tex/generic/tex4ht/unicode.4ht
version 2021-06-19-14:11
) (/usr/local/texlive/2021/texmf-dist/tex/generic/tex4ht/html4-math.4ht
version 2021-04-16-13:27
) (/usr/local/texlive/2021/texmf-dist/tex/generic/tex4ht/html5.4ht
version 2021-06-13-08:45
)) (/usr/local/texlive/2021/texmf-dist/tex/generic/tex4ht/tcolorbox.4ht
version 2020-12-03-13:56
\c@:tcbcolcount=\count550
(/usr/local/texlive/2021/texmf-dist/tex/generic/tex4ht/html4.4ht
version 2021-06-17-14:38
) (/usr/local/texlive/2021/texmf-dist/tex/generic/tex4ht/unicode.4ht
version 2021-06-19-14:11
) (/usr/local/texlive/2021/texmf-dist/tex/generic/tex4ht/html4-math.4ht
version 2021-04-16-13:27
) (/usr/local/texlive/2021/texmf-dist/tex/generic/tex4ht/html5.4ht
version 2021-06-13-08:45
)) (/usr/local/texlive/2021/texmf-dist/tex/generic/tex4ht/verbatim.4ht
version 2021-07-04-09:13
(/usr/local/texlive/2021/texmf-dist/tex/generic/tex4ht/html4.4ht
version 2021-06-17-14:38
) (/usr/local/texlive/2021/texmf-dist/tex/generic/tex4ht/unicode.4ht
version 2021-06-19-14:11
) (/usr/local/texlive/2021/texmf-dist/tex/generic/tex4ht/html4-math.4ht
version 2021-04-16-13:27
) (/usr/local/texlive/2021/texmf-dist/tex/generic/tex4ht/html5.4ht
version 2021-06-13-08:45
)) (/usr/local/texlive/2021/texmf-dist/tex/generic/tex4ht/listings.4ht
version 2021-04-25-09:48
(/usr/local/texlive/2021/texmf-dist/tex/generic/tex4ht/html4.4ht
version 2021-06-17-14:38
--------------------------------------
--- Note --- to ensure proper alignments use fixed size fonts (see listings.dtx
)
--------------------------------------
) (/usr/local/texlive/2021/texmf-dist/tex/generic/tex4ht/unicode.4ht
version 2021-06-19-14:11
) (/usr/local/texlive/2021/texmf-dist/tex/generic/tex4ht/html4-math.4ht
version 2021-04-16-13:27
) (/usr/local/texlive/2021/texmf-dist/tex/generic/tex4ht/html5.4ht
version 2021-06-13-08:45
)) (/usr/local/texlive/2021/texmf-dist/tex/generic/tex4ht/bm.4ht
version 2009-05-21-09:32
(/usr/local/texlive/2021/texmf-dist/tex/generic/tex4ht/html4.4ht
version 2021-06-17-14:38
) (/usr/local/texlive/2021/texmf-dist/tex/generic/tex4ht/unicode.4ht
version 2021-06-19-14:11
) (/usr/local/texlive/2021/texmf-dist/tex/generic/tex4ht/html4-math.4ht
version 2021-04-16-13:27
) (/usr/local/texlive/2021/texmf-dist/tex/generic/tex4ht/html5.4ht
version 2021-06-13-08:45
)) (/usr/local/texlive/2021/texmf-dist/tex/generic/tex4ht/longtable.4ht
version 2021-06-13-08:46
\LT:box=\box138
\LT:ebox=\box139
\tmp:bx=\box140
(/usr/local/texlive/2021/texmf-dist/tex/generic/tex4ht/html4.4ht
version 2021-06-17-14:38
--------------------------------------
--- Note --- for pictorial longtable, use the command line option `pic-longtabl
e'
--------------------------------------
) (/usr/local/texlive/2021/texmf-dist/tex/generic/tex4ht/unicode.4ht
version 2021-06-19-14:11
) (/usr/local/texlive/2021/texmf-dist/tex/generic/tex4ht/html4-math.4ht
version 2021-04-16-13:27
) (/usr/local/texlive/2021/texmf-dist/tex/generic/tex4ht/html5.4ht
version 2021-06-13-08:45
)) (/usr/local/texlive/2021/texmf-dist/tex/generic/tex4ht/html4.4ht
version 2021-06-17-14:38
) (/usr/local/texlive/2021/texmf-dist/tex/generic/tex4ht/unicode.4ht
version 2021-06-19-14:11
) (/usr/local/texlive/2021/texmf-dist/tex/generic/tex4ht/html4-math.4ht
version 2021-04-16-13:27
) (/usr/local/texlive/2021/texmf-dist/tex/generic/tex4ht/html5.4ht
version 2021-06-13-08:45
))
Package csquotes Info: Checking for multilingual support...
Package csquotes Info: ... none found.

Package biblatex Warning: Patching footnotes failed.
(biblatex)                Footnote detection will not work.

(./AppliedEconometrics.aux

LaTeX Warning: Label `fig:digit' multiply defined.


LaTeX Warning: Label `fig:digit' multiply defined.


LaTeX Warning: Label `fig:digit' multiply defined.


LaTeX Warning: Label `fig:digit' multiply defined.


LaTeX Warning: Label `fig:digit' multiply defined.


LaTeX Warning: Label `fig:digit' multiply defined.


LaTeX Warning: Label `fig:digit' multiply defined.


LaTeX Warning: Label `tab:digit' multiply defined.


LaTeX Warning: Label `fig:digit' multiply defined.


LaTeX Warning: Label `fig:digit' multiply defined.


LaTeX Warning: Label `fig:digit' multiply defined.


LaTeX Warning: Label `fig:digit' multiply defined.


LaTeX Warning: Label `fig:digit' multiply defined.


LaTeX Warning: Label `fig:digit' multiply defined.


LaTeX Warning: Label `tab:digit' multiply defined.


LaTeX Warning: Label `fig:digit' multiply defined.


LaTeX Warning: Label `fig:digit' multiply defined.


LaTeX Warning: Label `fig:digit' multiply defined.


LaTeX Warning: Label `fig:digit' multiply defined.


LaTeX Warning: Label `fig:digit' multiply defined.


LaTeX Warning: Label `fig:digit' multiply defined.


LaTeX Warning: Label `fig:digit' multiply defined.


LaTeX Warning: Label `fig:digit' multiply defined.


LaTeX Warning: Label `fig:digit' multiply defined.


LaTeX Warning: Label `fig:digit' multiply defined.


LaTeX Warning: Label `fig:digit' multiply defined.


LaTeX Warning: Label `fig:digit' multiply defined.


LaTeX Warning: Label `fig:digit' multiply defined.


LaTeX Warning: Label `fig:digit' multiply defined.


LaTeX Warning: Label `fig:digit' multiply defined.


LaTeX Warning: Label `fig:digit' multiply defined.


LaTeX Warning: Label `fig:digit' multiply defined.


LaTeX Warning: Label `fig:digit' multiply defined.


LaTeX Warning: Label `fig:digit' multiply defined.


LaTeX Warning: Label `fig:digit' multiply defined.


LaTeX Warning: Label `tab:digit' multiply defined.


LaTeX Warning: Label `tab:digit' multiply defined.


LaTeX Warning: Label `fig:digit' multiply defined.


LaTeX Warning: Label `fig:digit' multiply defined.


LaTeX Warning: Label `fig:digit' multiply defined.


LaTeX Warning: Label `fig:digit' multiply defined.


LaTeX Warning: Label `fig:digit' multiply defined.


LaTeX Warning: Label `fig:digit' multiply defined.

)
\openout1 = `AppliedEconometrics.aux'.

LaTeX Font Info:    Checking defaults for OML/ntxmi/m/it on input line 30.
LaTeX Font Info:    Trying to load font information for OML+ntxmi on input line
 30.
(/usr/local/texlive/2021/texmf-dist/tex/latex/newtx/omlntxmi.fd
File: omlntxmi.fd 2015/08/25 Fontinst v1.933 font definitions for OML/ntxmi.
)
LaTeX Font Info:    ... okay on input line 30.
LaTeX Font Info:    Checking defaults for OMS/cmsy/m/n on input line 30.
LaTeX Font Info:    ... okay on input line 30.
LaTeX Font Info:    Checking defaults for OT1/cmr/m/n on input line 30.
LaTeX Font Info:    ... okay on input line 30.
LaTeX Font Info:    Checking defaults for T1/cmr/m/n on input line 30.
LaTeX Font Info:    ... okay on input line 30.
LaTeX Font Info:    Checking defaults for TS1/cmr/m/n on input line 30.
LaTeX Font Info:    ... okay on input line 30.
LaTeX Font Info:    Checking defaults for TU/lmr/m/n on input line 30.
LaTeX Font Info:    ... okay on input line 30.
LaTeX Font Info:    Checking defaults for OMX/cmex/m/n on input line 30.
LaTeX Font Info:    ... okay on input line 30.
LaTeX Font Info:    Checking defaults for U/ntxexa/m/n on input line 30.
LaTeX Font Info:    Trying to load font information for U+ntxexa on input line 
30.
(/usr/local/texlive/2021/texmf-dist/tex/latex/newtx/untxexa.fd
File: untxexa.fd 2012/04/16 Fontinst v1.933 font definitions for U/ntxexa.
)
LaTeX Font Info:    ... okay on input line 30.
LaTeX Font Info:    Checking defaults for PD1/pdf/m/n on input line 30.
LaTeX Font Info:    ... okay on input line 30.
LaTeX Font Info:    Checking defaults for PU/pdf/m/n on input line 30.
LaTeX Font Info:    ... okay on input line 30.
LaTeX Font Info:    Checking defaults for LMS/ntxsy/m/n on input line 30.
LaTeX Font Info:    Trying to load font information for LMS+ntxsy on input line
 30.
(/usr/local/texlive/2021/texmf-dist/tex/latex/newtx/lmsntxsy.fd
File: lmsntxsy.fd 2016/07/02 Fontinst v1.933 font definitions for LMS/ntxsy.
)
LaTeX Font Info:    ... okay on input line 30.
LaTeX Font Info:    Checking defaults for LMX/ntxexx/m/n on input line 30.
LaTeX Font Info:    Trying to load font information for LMX+ntxexx on input lin
e 30.
(/usr/local/texlive/2021/texmf-dist/tex/latex/newtx/lmxntxexx.fd
File: lmxntxexx.fd 2016/07/03 Fontinst v1.933 font definitions for LMX/ntxexx.
)
LaTeX Font Info:    ... okay on input line 30.
Package hyperref Info: Link coloring ON on input line 30.
LaTeX Info: Redefining \ref on input line 30.
LaTeX Info: Redefining \pageref on input line 30.
LaTeX Info: Redefining \nameref on input line 30.
*geometry* driver: auto-detecting
*geometry* detected driver: xetex
*geometry* verbose mode - [ preamble ] result:
* driver: xetex
* paper: a4paper
* layout: <same size as paper>
* layoutoffset:(h,v)=(0.0pt,0.0pt)
* modes: 
* h-part:(L,W,R)=(56.9055pt, 483.69687pt, 56.9055pt)
* v-part:(T,H,B)=(72.26997pt, 700.5069pt, 72.26997pt)
* \paperwidth=597.50787pt
* \paperheight=845.04684pt
* \textwidth=483.69687pt
* \textheight=700.5069pt
* \oddsidemargin=0.0pt
* \evensidemargin=0.0pt
* \topmargin=-73.12352pt
* \headheight=61.74242pt
* \headsep=11.38109pt
* \topskip=12.0pt
* \footskip=34.1433pt
* \marginparwidth=38.0pt
* \marginparsep=7.0pt
* \columnsep=10.0pt
* \skip\footins=10.8pt plus 4.0pt minus 2.0pt
* \hoffset=0.0pt
* \voffset=0.0pt
* \mag=1000
* \@twocolumnfalse
* \@twosidefalse
* \@mparswitchfalse
* \@reversemarginfalse
* (1in=72.27pt=25.4mm, 1cm=28.453pt)

! TeX capacity exceeded, sorry [save size=80000].
\xeuniregisterchar ... \begingroup \lccode `\~=#1 
                                                  \lowercase {\endgroup \pro...
l.30 \begin{document}
                     
If you really absolutely need more capacity,
you can ask a wizard to enlarge me.

 
Here is how much of TeX's memory you used:
 49799 strings out of 476476
 970568 string characters out of 5814302
 2463973 words of memory out of 5000000
 68973 multiletter control sequences out of 15000+600000
 408585 words of font info for 36 fonts, out of 8000000 for 9000
 1348 hyphenation exceptions out of 8191
 110i,2n,145p,1252b,80000s stack positions out of 5000i,500n,10000p,200000b,80000s
No pages of output.
